Year,Position,#,Player,Team,GP,MPG,PPG,FGM,FGA,FG%,3PM,3PA,3P%,FTM,FTA,FT%,ORB,DRB,RPG,APG,SPG,BPG,TOV,PF
2019,PG,1,Martin Junakovic,SIB,11,31.9,29.7,10.3,23.9,.429,1.9,7.2,.264,7.2,8.6,.841,0.7,4.5,5.2,9.4,3.4,0.1,5.5,3.8
2019,PG,2,Kresimir Radovcic,ZAB,23,27.4,27.5,9.8,21.9,.448,2.6,7.5,.343,5.2,6.2,.852,1.1,4.6,5.6,6.6,2.1,0.0,4.0,4.0
2019,PG,3,Brian Williams,SRKL,19,25.3,26.6,10.6,20.7,.512,1.4,4.4,.318,4.0,5.4,.741,2.5,4.0,6.5,4.8,2.9,0.2,3.1,4.6
2019,PG,4,Justin Cobbs,CED,12,22.3,26.0,8.1,19.0,.425,1.8,4.8,.370,8.1,8.8,.918,1.1,3.1,4.1,9.2,1.3,0.0,4.1,4.5
2019,PG,5,Mario Ihring,VRI,23,32.4,24.8,7.7,16.9,.454,2.3,6.7,.337,7.2,8.6,.842,0.8,6.4,7.3,10.0,2.1,0.3,6.4,3.7
2019,PG,6,Brandis Raley-Ross,CIB,11,20.1,22.3,7.4,16.3,.453,2.2,6.3,.345,5.4,5.9,.926,2.4,5.4,7.8,3.9,2.6,0.2,2.2,4.1
2019,PG,7,Bruno Markulin,ALK,21,30.1,21.4,6.6,18.3,.361,3.8,10.3,.370,4.4,5.2,.853,1.1,3.6,4.7,2.7,1.4,0.1,3.1,3.4
2019,PG,8,David Chavlovich,BOS,15,24.0,21.0,7.5,15.5,.483,3.5,7.5,.464,2.5,3.5,.731,0.9,2.4,3.3,4.7,2.0,0.1,2.7,4.8
2019,PG,9,Jakov Vladovic,HERM,8,30.7,20.5,7.8,15.2,.513,2.9,7.2,.405,2.0,2.3,.833,1.4,4.5,5.9,6.3,2.9,0.0,4.1,4.1
2019,PG,10,Luka Bozic,ZAD,28,29.4,19.7,7.2,13.4,.537,0.9,2.9,.300,4.4,5.8,.768,3.1,8.0,11.1,5.5,1.4,0.6,4.8,3.6
2019,PG,11,Nikola Korac,BOS,8,32.6,19.3,7.4,14.6,.506,2.2,6.3,.353,2.4,3.1,.765,1.5,3.9,5.3,8.5,1.5,0.2,5.9,3.5
2019,PG,12,Josip Bilinovac,CIB,28,22.5,19.0,6.7,12.6,.533,3.3,6.9,.473,2.4,2.8,.838,1.5,4.0,5.5,7.2,2.1,0.2,2.8,5.3
2019,PG,13,Domagoj Saric,SIB,24,22.0,16.6,6.5,13.6,.473,2.6,5.3,.500,1.1,1.6,.667,0.9,2.6,3.5,6.6,1.1,0.0,2.9,4.5
2019,PG,14,Borna Kapusta,VEL,25,24.0,16.5,4.9,11.8,.415,2.1,6.3,.329,4.6,6.4,.725,1.4,4.2,5.6,11.0,2.6,0.0,5.5,6.1
2019,PG,15,Mate Kalajzic,SPL,24,26.9,16.0,5.2,12.5,.414,0.8,4.3,.190,4.8,6.7,.722,1.5,4.5,6.0,7.7,2.2,0.1,4.4,4.6
2019,PG,16,Lovre Basic,ZAD,28,21.0,14.6,4.7,14.2,.333,3.2,10.3,.307,2.0,2.4,.828,0.7,2.9,3.6,9.0,1.8,0.0,3.9,4.5
2019,PG,17,Bruno Rebic,SPL,22,15.4,14.3,5.7,12.2,.465,1.4,6.1,.233,1.6,2.7,.579,0.9,4.3,5.1,5.2,2.1,0.4,2.7,6.5
2019,PG,18,Mauro Veljacic,SPL,24,20.0,14.3,5.0,14.4,.347,2.3,7.5,.307,2.0,2.8,.714,1.3,3.9,5.2,6.3,2.4,0.0,4.5,4.2
2019,PG,19,Karlo Uljarevic,CIB,10,19.0,13.9,5.1,13.4,.377,3.0,8.3,.364,0.8,0.8,1.000,0.8,1.8,2.5,11.6,2.0,0.3,3.8,5.3
2019,SG,1,Ivan Svoboda,HERM,19,21.5,24.4,8.1,16.1,.504,3.6,8.4,.431,4.6,4.9,.929,1.2,2.0,3.2,2.1,0.9,0.0,3.2,2.9
2019,SG,2,Pavle Marcinkovic,SPL,27,31.3,23.4,8.2,17.3,.475,2.4,7.5,.326,4.5,6.2,.727,1.6,5.9,7.5,6.7,2.7,0.7,3.2,3.5
2019,SG,3,Jamel Morris,SPL,3,29.5,23.3,7.6,17.9,.424,4.3,9.8,.444,3.8,4.9,.778,0.0,4.9,4.9,6.5,3.8,0.5,3.8,4.3
2019,SG,4,Maj Kovacevic,SPL,11,28.6,23.2,7.0,12.8,.548,5.2,9.8,.531,4.0,4.4,.897,0.8,2.7,3.5,2.1,1.4,0.2,1.7,4.0
2019,SG,5,Ash Yacoubou,SRKL,22,25.4,22.0,7.6,18.4,.416,3.1,9.2,.336,3.7,4.5,.811,2.7,5.6,8.2,1.3,1.1,0.1,2.1,4.1
2019,SG,6,Marko Ljubicic,CIB,30,21.2,21.5,6.1,15.0,.407,3.0,8.9,.339,6.3,8.0,.783,0.5,6.7,7.2,10.3,3.5,0.1,4.0,5.7
2019,SG,7,Domagoj Basic,SIB,23,23.9,20.4,7.2,15.4,.472,4.2,8.9,.471,1.7,2.1,.833,0.8,3.4,4.2,2.4,0.8,0.0,1.5,3.2
2019,SG,8,Ivan Majcunic,VEL,25,24.1,19.6,6.9,16.0,.428,2.8,8.5,.327,3.1,3.9,.796,1.2,4.8,6.0,3.8,2.2,0.0,2.8,2.3
2019,SG,9,Mislav Brzoja,ZAD,28,22.5,19.4,7.0,15.8,.444,1.1,5.1,.209,4.3,5.4,.789,2.9,6.2,9.1,4.0,2.2,0.5,3.7,4.3
2019,SG,10,Antonio Jularic,BOS,18,16.9,18.0,7.2,18.4,.393,2.2,8.0,.275,1.3,2.7,.471,1.4,2.7,4.1,3.3,2.8,0.3,4.7,7.7
2019,SG,11,Marko Petrovic,VEL,21,22.0,17.5,5.8,12.1,.479,3.2,7.5,.431,2.7,3.6,.743,0.3,3.3,3.6,4.6,1.0,0.0,3.5,4.6
2019,SG,12,Domagoj Kanaet,ALK,10,25.5,16.8,6.6,16.2,.407,1.9,5.3,.357,1.7,2.6,.643,4.7,7.2,11.9,3.0,3.2,0.9,3.6,5.5
2019,SG,13,Mate Mandic,VRI,24,27.5,14.9,6.0,13.8,.432,1.0,5.4,.189,2.0,3.5,.563,1.1,2.0,3.1,3.7,1.0,0.0,2.5,4.4
2019,SG,14,Bruno Peric,VRI,24,22.3,13.5,4.6,11.2,.408,1.2,3.6,.325,3.1,4.7,.673,1.4,4.5,5.9,3.9,1.3,0.2,3.2,4.3
2019,SG,15,Aljosa Sarac,ZAB,6,25.4,10.7,4.4,13.5,.326,0.6,6.3,.100,1.3,1.6,.800,0.3,3.8,4.1,7.6,1.3,0.0,3.1,4.4
2019,SG,16,Andro Anzulovic,ZAB,24,21.0,9.6,3.0,8.9,.344,1.5,6.2,.246,2.0,2.4,.840,0.8,3.1,3.9,5.6,3.9,0.3,1.8,3.6
2019,SF,1,Marko Tomas,ZAB,2,33.7,41.3,15.0,25.0,.600,4.3,11.4,.375,7.1,9.3,.769,2.9,6.4,9.3,6.4,4.3,2.1,2.9,2.9
2019,SF,2,Elgin Cook,CED,13,18.1,25.3,8.4,20.0,.418,2.0,6.5,.313,6.5,7.6,.865,3.5,6.7,10.2,2.9,3.1,1.0,3.3,4.1
2019,SF,3,Ozren Pavlovic,VRI,10,27.9,24.1,9.3,20.8,.446,2.9,9.8,.298,2.6,4.3,.600,2.1,7.4,9.5,2.7,0.9,0.3,2.7,5.2
2019,SF,4,Ivan Novacic,CIB,31,16.9,22.4,8.8,18.1,.485,2.1,7.0,.303,2.7,3.1,.882,2.0,5.9,8.0,3.8,1.2,0.0,2.8,6.2
2019,SF,5,Ivan Vucic,VEL,21,25.3,21.3,7.1,13.9,.513,2.0,4.9,.407,5.1,7.8,.651,2.3,5.8,8.0,2.7,2.5,0.7,2.9,5.4
2019,SF,6,Mario Little,ZAD,25,21.9,21.0,7.0,16.8,.419,3.1,7.6,.407,3.9,4.8,.800,1.1,3.3,4.5,6.3,1.9,0.2,4.7,6.1
2019,SF,7,Dominic Gilbert,CIB,27,15.1,20.1,7.5,13.6,.552,1.6,3.8,.438,3.4,4.8,.707,3.4,6.2,9.6,2.6,2.6,0.6,2.5,5.9
2019,SF,8,Filip Kordic,HERM,20,21.0,19.5,6.3,13.0,.482,3.9,8.1,.479,3.1,4.6,.675,1.4,4.4,5.8,3.8,1.8,0.1,1.0,5.5
2019,SF,9,Toni Nakic,SIB,24,33.0,19.3,6.7,13.6,.491,2.9,6.3,.462,3.0,3.6,.847,1.6,5.3,6.9,3.6,2.0,0.5,2.2,4.3
2019,SF,10,Ivan Batur,ZAB,24,30.3,19.1,7.5,15.5,.481,1.6,4.3,.385,2.6,3.3,.780,2.0,4.1,6.1,5.4,1.6,0.2,3.0,3.8
2019,SF,11,Jan Palokaj,BOS,22,32.1,19.0,6.7,15.9,.423,1.8,5.6,.313,3.7,5.0,.743,1.7,5.8,7.5,3.8,1.0,0.2,3.2,5.2
2019,SF,12,Ante Masic,VEL,25,24.5,18.3,6.0,14.1,.422,2.1,6.2,.342,4.2,5.5,.771,1.4,5.3,6.7,3.2,1.6,0.4,2.7,4.2
2019,SF,13,Marin Rozic,CIB,24,19.5,18.3,7.2,13.9,.519,2.1,6.6,.313,1.8,3.0,.621,1.3,5.5,6.9,4.5,1.4,0.6,2.5,3.8
2019,SF,14,Ivan Milekovic,HERM,11,34.6,18.2,5.7,13.4,.425,4.0,9.7,.416,2.8,3.0,.917,1.4,2.8,4.2,2.0,1.4,0.1,1.6,3.8
2019,SF,15,Roko Galic,ZAB,20,21.1,17.9,6.7,14.6,.457,2.4,7.5,.318,2.2,2.7,.792,1.5,3.4,4.9,3.5,1.2,0.5,1.5,5.1
2019,SF,16,Gabriel Maric,ALK,22,23.3,17.7,6.9,15.6,.443,1.4,4.5,.313,2.4,3.7,.650,1.4,3.3,4.7,2.5,1.7,0.5,3.0,5.6
2019,SF,17,Dino Sipic,ALK,21,22.0,16.8,7.2,13.9,.515,0.4,1.1,.364,2.1,3.2,.645,5.0,6.5,11.5,3.4,2.1,2.4,3.8,6.3
2019,SF,18,Igor Maric,CIB,31,18.2,16.1,5.5,12.3,.448,4.1,9.7,.421,0.9,1.3,.733,1.1,4.9,6.0,2.7,2.5,0.3,1.5,3.8
2019,SF,19,Jure Gunjina,BOS,5,20.0,15.8,6.7,15.8,.424,1.0,5.8,.167,1.4,1.9,.750,1.9,6.2,8.1,2.4,1.9,0.0,6.2,3.4
2019,SF,20,Sinisa Stemberger,SRKL,19,23.4,14.6,4.2,10.6,.398,2.8,7.5,.377,3.4,4.9,.689,0.3,3.2,3.6,5.5,1.8,0.1,3.5,5.0
2019,SF,21,Petar Maric,ZAD,25,21.5,13.7,4.7,9.6,.495,2.0,4.7,.415,2.2,2.8,.806,1.0,3.2,4.2,3.4,1.1,0.1,1.3,4.8
2019,SF,22,Franko Sango,VRI,24,23.8,13.5,4.8,12.6,.380,3.4,9.6,.360,0.5,0.7,.750,0.6,4.2,4.8,2.2,1.5,0.3,1.7,3.9
2019,PF,1,Filip Bundovic,CIB,24,16.2,34.3,11.8,19.8,.594,0.6,3.6,.172,10.2,12.8,.796,3.6,7.2,10.8,2.2,2.5,0.9,3.1,7.9
2019,PF,2,Mateo Kedzo,SPL,27,20.9,27.1,10.2,21.0,.486,0.8,2.5,.345,5.9,7.7,.758,3.9,4.5,8.4,5.9,0.8,0.1,5.2,3.9
2019,PF,3,Ante Gospic,VRI,14,30.7,26.0,9.9,19.3,.514,1.2,4.2,.289,4.9,7.1,.688,3.0,6.1,9.1,4.3,1.4,0.1,3.7,5.1
2019,PF,4,Marko Bakovic,VEL,25,25.0,25.3,10.3,18.8,.547,1.5,3.9,.373,3.3,5.1,.652,4.8,7.1,12.0,2.8,1.8,1.7,3.2,6.2
2019,PF,5,Damir Markota,CIB,28,21.9,24.8,8.6,17.6,.489,3.9,9.6,.407,3.7,4.9,.758,1.7,8.5,10.3,4.0,1.5,0.3,2.9,3.6
2019,PF,6,Ante Krapic,HERM,13,31.7,24.3,8.7,18.5,.472,3.3,8.4,.389,3.6,5.7,.633,2.4,8.5,10.9,2.8,1.2,0.2,4.0,4.2
2019,PF,7,Jalen Brown,ALK,21,33.5,23.6,8.5,19.3,.442,1.4,4.0,.339,5.2,6.9,.762,1.2,6.9,8.0,8.5,2.0,0.7,4.1,4.3
2019,PF,8,Patrik Jambrovic,ZAB,24,21.2,21.8,8.3,15.4,.540,1.2,4.2,.289,4.0,5.2,.764,2.9,5.6,8.5,4.2,2.6,1.4,2.8,6.0
2019,PF,9,Mike Cobbins,SPL,27,25.2,21.2,9.1,12.8,.709,0.0,0.0,.000,3.0,5.4,.558,5.2,11.9,17.1,1.8,1.0,2.4,2.8,5.1
2019,PF,10,Hrvoje Garfolic,HERM,13,27.5,20.4,7.5,14.7,.514,1.9,4.8,.389,3.5,5.8,.605,2.8,4.7,7.5,4.4,2.4,0.7,4.4,5.5
2019,PF,11,Marko Sarac,SRKL,19,21.4,20.0,6.5,13.8,.470,3.5,8.5,.417,3.4,5.2,.659,1.4,4.6,6.0,0.8,0.9,0.4,2.4,7.1
2019,PF,12,Stipe Tesija,BOS,21,19.6,18.7,7.6,14.7,.516,1.3,4.7,.275,2.3,3.7,.625,2.1,6.9,9.0,3.6,1.9,1.4,4.5,7.2
2019,PF,13,Stipe Krstanovic,SRKL,20,26.5,17.2,6.3,13.0,.486,1.1,4.4,.245,3.4,5.5,.623,5.6,7.1,12.7,2.8,3.1,1.1,3.2,5.6
2019,PF,14,Karlo Miksic,VEL,23,17.0,16.7,6.0,12.4,.485,1.7,3.8,.452,3.0,3.4,.857,1.5,4.9,6.4,7.9,3.4,0.4,5.8,5.9
2019,PF,15,Tonko Vuko,SIB,24,29.2,16.7,6.1,12.4,.492,1.5,4.3,.349,3.0,4.8,.629,2.5,10.2,12.7,3.0,1.1,0.3,2.5,5.1
2019,PF,16,Antonio Crnjevic,ZAB,23,25.7,16.1,6.4,13.7,.467,1.2,4.4,.278,2.1,3.7,.565,2.4,5.0,7.4,4.8,2.7,0.4,3.9,5.0
2019,PF,17,Ivan Vrgoc,SPL,21,16.2,14.2,4.7,10.4,.446,2.1,5.6,.375,2.8,4.5,.625,2.7,6.5,9.2,2.7,2.0,2.0,2.3,8.2
2019,C,1,Hrvoje Vucic,ALK,21,29.4,28.8,11.5,22.8,.505,2.2,6.5,.333,3.6,4.7,.767,2.6,6.2,8.8,4.7,0.5,0.2,1.6,3.4
2019,C,2,Mladen Primorac,BOS,21,30.4,24.2,9.6,20.4,.472,0.8,4.2,.196,4.1,6.7,.618,3.9,9.2,13.2,5.2,2.2,0.6,4.7,5.5
2019,C,3,Abdul-Malik Abu,VRI,19,29.0,24.1,9.7,16.5,.584,0.8,1.7,.450,4.0,7.0,.575,5.6,9.4,15.0,2.4,0.9,1.3,2.8,3.1
2019,C,4,Pavao Paic,SIB,23,22.7,23.3,9.3,19.5,.476,1.3,5.4,.237,3.4,5.6,.607,3.1,5.8,8.9,2.9,1.8,1.2,3.6,7.8
2019,C,5,Dom Samac,HERM,6,27.6,23.2,8.1,16.2,.500,3.2,8.4,.379,3.8,4.4,.867,2.3,9.0,11.3,2.6,1.5,0.3,1.7,4.1
2019,C,6,Tomislav Gabric,SPL,28,28.1,22.3,8.0,17.6,.453,4.2,10.5,.401,2.1,2.9,.723,1.6,4.1,5.7,2.4,1.5,0.5,2.7,4.5
2019,C,7,Domagoj Vukovic,ZAD,29,22.1,22.1,8.7,15.4,.566,2.8,7.3,.381,1.9,2.6,.735,3.5,10.0,13.4,4.2,1.9,1.3,2.6,5.5
2019,C,8,Domagoj Vrkic,VRI,22,17.4,21.1,8.4,16.6,.504,0.6,2.6,.238,3.8,6.3,.600,4.8,6.4,11.1,1.0,1.1,0.8,3.3,8.9
2019,C,9,Ivan Papac,VEL,18,15.1,21.1,9.0,14.5,.622,0.9,2.1,.417,2.1,3.5,.600,3.5,6.9,10.4,1.9,0.7,0.7,2.1,5.5
2019,C,10,Kristijan Krajina,ZAD,22,16.3,19.7,8.7,15.7,.556,0.0,0.9,.000,2.3,3.3,.680,4.7,7.4,12.1,4.4,1.5,0.9,3.5,6.8
2019,C,11,Andrija Stipanovic,CED,12,21.5,19.5,8.6,15.4,.554,0.0,0.2,.000,2.4,6.5,.371,6.0,5.2,11.2,2.8,1.9,0.9,3.7,5.8
2019,C,12,Matija Poscic,SIB,10,17.8,19.4,8.1,14.3,.566,0.0,1.1,.000,3.2,4.3,.750,2.4,8.4,10.8,1.9,1.4,0.5,5.7,7.3
2019,C,13,David Usic,SRKL,19,21.1,19.1,8.1,13.2,.618,0.0,1.1,.000,2.9,4.7,.615,4.8,3.6,8.4,1.3,0.6,1.1,2.9,5.7
2019,C,14,Antonio Vlaic,HERM,20,21.6,16.2,6.9,14.9,.463,0.0,1.3,.000,2.4,4.4,.550,3.6,6.9,10.4,3.9,2.1,0.8,3.0,5.7
2019,C,15,Zvonimir Cutuk,ZAB,18,15.4,15.6,6.4,13.0,.493,0.0,0.0,.000,2.8,4.3,.640,4.2,7.6,11.8,1.7,1.7,2.3,3.3,11.1
2019,C,16,Maxwell Darling,VRI,20,18.4,15.0,5.5,9.1,.600,0.7,1.7,.385,3.4,5.6,.605,3.4,8.2,11.6,2.3,1.2,2.0,1.8,6.3
2020,PG,1,Nick Neal,ALK,20,30.8,28.6,9.0,19.5,.462,1.9,5.1,.369,8.6,9.8,.881,1.0,4.9,5.9,8.6,3.3,0.0,4.6,2.8
2020,PG,2,Antonio Jordano,VRI,20,35.8,25.3,9.0,18.8,.482,4.5,10.7,.421,2.7,3.2,.854,0.8,3.8,4.6,4.0,2.3,0.1,2.6,3.4
2020,PG,3,Luka Tomas,ZAB,21,29.9,24.9,8.9,20.0,.447,3.4,9.8,.344,3.7,4.8,.762,1.9,4.2,6.1,6.5,1.4,0.6,2.4,3.5
2020,PG,4,Martin Junakovic,ZAD,16,23.0,24.6,8.3,18.0,.464,2.3,7.2,.327,5.6,7.6,.741,0.8,3.8,4.6,9.2,3.5,0.1,5.5,5.9
2020,PG,5,Ivan Svoboda,HERM,21,27.8,22.7,7.7,16.2,.477,3.7,9.8,.378,3.5,3.7,.956,0.7,2.5,3.3,3.6,1.0,0.0,2.8,2.9
2020,PG,6,Karlo Uljarevic,ZAD,21,17.0,21.7,7.5,15.8,.479,4.6,10.8,.425,2.0,2.0,1.000,0.7,3.6,4.3,7.8,3.0,0.0,3.9,6.5
2020,PG,7,Jakov Vladovic,SIB,17,28.6,21.4,7.6,15.8,.481,2.4,6.8,.348,3.8,4.8,.776,1.0,4.4,5.3,6.8,1.7,0.0,3.2,4.0
2020,PG,8,Roberto Kovac,CIB,10,14.5,21.1,5.9,14.2,.419,5.0,11.2,.441,4.3,6.6,.650,1.3,4.0,5.3,3.3,0.7,0.0,1.7,4.0
2020,PG,9,Luka Panduric,SRKL,16,22.2,19.8,6.4,13.1,.485,1.6,4.6,.353,5.4,7.2,.755,0.7,4.1,4.7,5.4,1.2,0.0,5.5,5.8
2020,PG,10,Matic Rebec,CIB,21,23.4,18.9,6.4,15.5,.409,2.7,9.2,.298,3.4,5.2,.660,0.7,4.9,5.6,11.6,2.2,0.1,4.0,5.3
2020,PG,11,Filip Josic,PUN,20,16.5,18.7,6.4,15.2,.419,4.6,11.8,.395,1.3,2.0,.643,2.0,3.6,5.7,2.5,3.2,0.1,3.9,6.0
2020,PG,12,Toni Katic,CIB,14,15.1,18.6,6.4,13.2,.483,1.1,3.6,.313,4.8,5.9,.808,0.0,4.1,4.1,7.9,2.9,0.0,6.4,4.8
2020,PG,13,Srdan Brocic,ALK,21,22.7,17.4,6.5,16.3,.395,1.4,6.8,.209,3.0,4.3,.698,0.4,3.4,3.8,7.6,1.9,0.2,5.2,4.2
2020,PG,14,Petar Babic,VEL,19,13.9,16.4,5.8,13.4,.432,2.2,6.7,.324,2.5,2.9,.875,1.1,3.3,4.4,7.3,2.9,0.2,4.5,6.5
2020,PG,15,Martin Tuden,ZAB,14,4.9,15.9,4.9,12.5,.389,4.2,10.4,.400,2.1,2.1,1.000,0.0,5.5,5.5,4.2,2.1,0.0,1.4,9.0
2020,PG,16,Juraj Segaric,PUN,21,30.2,15.8,4.5,14.4,.311,1.7,8.9,.195,5.1,7.0,.731,0.5,3.5,3.9,7.9,2.0,0.0,5.4,3.2
2020,PG,17,Fran Vujic,DUB,16,13.3,15.8,5.0,9.2,.537,0.7,2.0,.333,5.2,7.2,.719,0.9,5.2,6.1,7.4,2.5,0.5,5.0,7.7
2020,PG,18,Borna Kapusta,VEL,20,22.9,15.4,4.3,12.7,.339,2.7,8.6,.317,4.1,5.5,.736,1.4,5.4,6.8,9.6,2.0,0.0,4.0,5.4
2020,PG,19,Andrija Sarenac,VRI,21,19.5,14.5,5.3,13.1,.402,3.0,8.1,.377,0.9,1.1,.889,0.6,1.9,2.5,4.3,0.9,0.0,1.9,4.6
2020,PG,20,Jordan Riewer,SRKL,13,24.9,14.4,5.0,11.3,.447,2.5,7.1,.354,1.8,1.9,.923,0.6,5.6,6.2,5.8,3.1,0.0,2.1,4.3
2020,PG,21,Dino Palcic,PUN,19,24.1,13.2,4.1,12.7,.322,1.5,5.8,.255,3.6,4.2,.850,1.2,4.0,5.1,6.9,1.6,0.1,4.0,5.8
2020,PG,22,Josip Gulam,DUB,20,21.6,11.9,4.1,9.8,.420,2.2,6.0,.370,1.4,1.7,.867,0.8,3.4,4.2,7.5,0.7,0.0,3.0,3.7
2020,PG,23,Filip Simovic,HERM,10,23.3,11.3,4.3,14.2,.304,1.4,8.2,.175,1.2,2.1,.600,1.0,4.9,6.0,4.3,1.6,0.4,2.3,4.3
2020,PG,24,Bruno Rebic,SPL,16,12.3,10.7,4.6,9.2,.500,0.5,2.4,.200,1.0,1.9,.500,0.5,3.9,4.4,7.0,3.2,0.5,3.9,4.9
2020,PG,25,Dorian Benkovic,SRKL,14,12.3,10.3,3.3,9.2,.364,0.6,3.1,.182,3.1,3.6,.846,1.1,3.1,4.2,4.7,1.9,0.3,5.0,10.0
2020,SG,1,Toni Perkovic,SPL,19,23.5,28.0,9.8,19.8,.495,3.1,8.1,.387,5.4,6.9,.781,1.0,5.2,6.1,8.4,2.9,0.3,4.2,4.7
2020,SG,2,Shane Gibson,CIB,20,21.6,24.3,8.6,17.6,.487,4.6,9.1,.500,2.6,2.9,.885,1.0,4.9,5.9,6.1,1.8,0.1,2.8,3.2
2020,SG,3,Chris Hortman,DUB,17,28.9,24.0,9.3,22.3,.415,2.5,8.2,.310,2.9,3.7,.789,3.6,8.6,12.2,5.7,2.0,0.4,3.8,3.5
2020,SG,4,Ive Ivanov,ZAD,15,22.9,23.4,9.0,17.9,.500,0.7,4.1,.172,4.8,6.9,.694,5.2,2.8,8.0,4.5,1.5,0.4,2.4,3.6
2020,SG,5,Sime Lisica,ZAB,21,17.0,22.8,8.4,19.8,.422,3.9,10.4,.377,2.2,3.2,.667,0.8,3.4,4.2,6.1,2.7,0.3,3.2,6.7
2020,SG,6,Ivan Majcunic,VEL,21,22.7,21.9,8.1,16.9,.482,4.1,8.9,.461,1.5,2.3,.652,1.8,4.2,6.0,3.9,2.5,0.2,2.5,2.9
2020,SG,7,Maj Kovacevic,SPL,10,15.2,20.9,7.0,14.6,.478,5.4,11.4,.472,1.6,2.8,.556,0.9,1.9,2.8,2.5,2.5,0.0,0.9,6.6
2020,SG,8,Josip Bilinovac,CIB,18,22.8,20.9,7.9,13.7,.573,3.3,7.7,.424,1.9,2.3,.800,1.6,5.5,7.1,5.3,3.0,0.0,2.1,4.7
2020,SG,9,Domagoj Basic,SIB,21,14.5,20.8,7.4,18.1,.409,5.4,12.1,.442,0.6,0.6,1.000,0.8,2.8,3.6,3.8,1.6,0.2,2.7,4.1
2020,SG,10,Petar Peric,DUB,21,22.0,20.6,7.5,18.0,.416,3.2,8.8,.365,2.4,3.0,.793,0.9,4.0,4.9,5.6,0.8,0.1,4.5,4.2
2020,SG,11,Lovre Basic,VRI,21,33.8,19.7,5.9,15.3,.385,3.8,10.3,.368,4.1,5.0,.824,0.4,2.6,3.0,12.2,2.9,0.4,5.8,4.2
2020,SG,12,Jan Palokaj,ZAD,21,11.4,18.7,6.8,13.3,.515,2.4,6.6,.364,2.6,3.0,.867,1.6,6.0,7.6,4.4,1.6,0.8,3.4,5.8
2020,SG,13,Jamel Morris,SPL,21,20.9,17.7,6.8,16.1,.422,2.6,6.8,.387,1.5,2.0,.778,0.9,5.1,6.0,8.5,2.8,0.1,3.3,5.4
2020,SG,14,Bruno Peric,HERM,13,33.7,17.1,6.1,17.3,.354,1.4,6.0,.236,3.4,4.6,.738,1.1,6.5,7.6,4.6,1.1,0.3,4.3,3.9
2020,SG,15,Teo Petani,PUN,19,25.2,16.2,5.2,13.4,.388,3.1,9.6,.323,2.7,3.5,.771,0.8,4.8,5.6,5.3,2.7,0.1,3.0,5.8
2020,SG,16,Ivan Siriscevic,ZAD,13,15.9,16.0,5.3,17.0,.315,3.9,10.2,.386,1.4,1.9,.750,1.2,3.5,4.6,1.6,1.4,0.2,2.1,4.6
2020,SG,17,Marko Petrovic,VEL,19,16.4,14.8,4.8,12.2,.392,3.1,7.9,.392,2.2,2.6,.824,0.6,3.9,4.5,3.6,1.2,0.2,3.7,5.9
2020,SG,18,Domagoj Saric,SIB,19,21.4,14.4,5.4,13.5,.404,2.5,6.4,.389,1.1,1.3,.818,0.8,3.0,3.8,6.5,1.3,0.0,3.9,4.0
2020,SG,19,Luka Cvitanovic,DUB,14,6.9,13.9,4.5,15.3,.290,2.0,6.9,.286,3.0,4.0,.750,2.0,1.5,3.5,4.0,2.0,0.0,4.5,5.4
2020,SG,20,Ivan Kucan,ALK,21,28.5,13.2,4.7,13.3,.355,2.0,7.8,.258,1.8,2.6,.688,0.7,4.7,5.4,3.0,1.4,0.0,2.3,4.7
2020,SG,21,Andro Anzulovic,ZAB,18,23.0,13.1,3.8,9.7,.393,2.5,7.1,.361,2.9,3.7,.781,0.7,4.1,4.7,7.1,2.8,0.2,1.7,3.5
2020,SF,1,Sven Smajlagic,ZAB,10,28.5,27.9,10.9,23.5,.464,3.5,11.6,.304,2.5,3.7,.682,1.5,7.6,9.1,4.9,3.4,0.5,3.2,4.2
2020,SF,2,Ivan Novacic,CIB,20,19.6,24.5,8.6,16.6,.515,2.4,6.8,.357,4.9,5.7,.851,1.5,6.6,8.1,5.4,2.1,0.1,2.3,4.4
2020,SF,3,Mislav Brzoja,VEL,21,23.0,24.0,8.3,17.6,.475,1.7,5.6,.304,5.7,7.3,.770,2.9,5.9,8.7,5.8,2.7,0.5,4.7,5.1
2020,SF,4,Toni Nakic,SIB,21,31.9,23.6,7.9,14.1,.558,3.4,7.6,.453,4.4,5.5,.805,1.2,4.7,5.9,4.9,2.1,0.4,2.4,3.9
2020,SF,5,Robert Kujundzic,VRI,21,25.8,23.5,9.7,14.3,.677,0.9,2.2,.400,3.3,5.7,.578,2.2,8.0,10.2,2.1,1.9,0.7,2.0,3.9
2020,SF,6,Pavle Marcinkovic,SPL,17,24.7,22.3,8.4,16.2,.521,1.8,5.6,.327,3.5,5.9,.596,2.4,7.9,10.3,5.5,3.4,0.6,3.3,2.7
2020,SF,7,Petar Maric,PUN,10,29.0,21.0,7.6,15.4,.495,2.8,6.6,.425,3.0,4.6,.643,1.3,4.1,5.5,5.1,2.2,0.2,2.3,2.2
2020,SF,8,Dominic Gilbert,ZAD,20,26.6,20.5,7.6,14.6,.519,2.8,6.7,.419,2.5,3.3,.757,2.3,8.3,10.5,3.2,1.6,0.2,2.3,4.4
2020,SF,9,Ivan Batur,SRKL,20,32.8,20.3,7.0,15.4,.455,1.8,5.0,.353,4.5,5.2,.873,1.5,4.3,5.9,4.8,1.0,0.4,3.6,3.5
2020,SF,10,Filip Kordic,HERM,21,29.8,19.5,7.2,16.6,.435,3.4,9.2,.367,1.7,2.5,.688,1.2,5.1,6.3,5.8,3.0,0.2,3.7,4.2
2020,SF,11,Ivan Vucic,VEL,20,20.3,18.9,6.5,13.9,.466,1.5,5.2,.295,4.4,6.4,.685,1.5,4.6,6.1,3.8,2.4,0.5,4.0,5.9
2020,SF,12,Ante Masic,VEL,21,20.9,18.6,6.0,11.8,.509,2.2,5.9,.370,4.4,4.9,.889,1.4,4.2,5.6,4.5,1.7,0.4,1.3,4.9
2020,SF,13,Emilio Banic,PUN,19,22.9,17.7,6.3,15.1,.416,3.4,9.5,.360,1.7,2.0,.833,2.1,4.3,6.4,2.0,1.5,0.0,1.9,3.3
2020,SF,14,Maxwell Darling,VRI,19,29.0,16.9,6.6,12.9,.514,0.9,3.5,.250,2.8,4.2,.667,2.7,6.2,8.9,2.6,1.6,1.0,2.4,5.3
2020,SF,15,Luka Krajinovic,HERM,15,15.8,16.6,5.7,11.8,.483,3.9,7.7,.500,1.4,1.4,1.000,0.8,2.8,3.6,2.0,1.4,0.0,3.4,3.0
2020,SF,16,Ivan Majic,DUB,20,27.6,16.3,6.0,12.3,.489,1.7,4.7,.370,2.5,3.5,.725,2.1,4.6,6.7,3.0,1.5,0.2,2.9,5.6
2020,SF,17,Marko Vlaic,SIB,13,3.9,14.3,5.7,15.2,.375,1.9,6.7,.286,1.0,2.9,.333,1.9,5.7,7.6,2.9,0.0,1.0,3.8,1.0
2020,SF,18,Roko Anzulovic,HERM,15,14.1,14.1,5.2,12.3,.426,0.7,3.9,.176,3.0,5.0,.591,0.2,5.5,5.7,6.8,1.6,0.0,7.3,6.1
2020,SF,19,Lovre Runjic,SPL,16,10.2,13.9,5.3,9.7,.545,1.5,2.7,.556,1.8,2.7,.667,2.4,5.3,7.7,3.2,3.5,0.3,6.2,6.5
2020,SF,20,Marin Rozic,CIB,12,15.1,13.8,4.5,11.7,.386,1.6,6.4,.250,3.2,3.7,.857,2.4,6.9,9.3,3.7,1.6,0.5,1.1,4.5
2020,SF,21,Dorian Jelenek,DUB,18,15.7,13.6,5.6,12.8,.440,0.2,0.5,.333,2.2,4.3,.520,3.1,5.8,8.9,1.7,1.2,0.0,2.9,4.4
2020,SF,22,Ivan Gulin,SIB,15,14.4,13.1,4.9,9.8,.500,1.1,2.9,.385,2.2,2.4,.909,1.1,2.9,4.0,2.4,0.9,0.0,2.7,4.2
2020,SF,23,Roko Galic,ZAB,18,18.8,12.8,4.3,11.8,.361,1.4,6.5,.217,2.8,4.0,.714,1.3,4.7,6.0,3.4,1.4,0.7,2.3,4.8
2020,SF,24,Arijan Lakic,VRI,11,15.3,12.5,4.0,8.2,.483,1.7,4.8,.353,2.8,3.4,.833,3.1,6.3,9.4,7.4,1.1,1.1,2.6,6.5
2020,SF,25,Fran Jacovic,ALK,21,27.5,11.3,4.1,11.6,.350,1.8,6.5,.282,1.3,1.7,.762,2.6,3.4,6.0,3.0,1.6,0.1,2.0,5.8
2020,SF,26,Ivan Milekovic,SIB,21,25.6,11.1,3.7,9.7,.376,1.8,6.6,.270,2.0,2.2,.880,1.9,3.1,5.0,2.9,1.3,0.1,1.9,4.4
2020,SF,27,Marko Proleta,DUB,13,14.9,8.9,3.2,11.7,.277,1.2,5.0,.250,1.2,2.5,.500,1.5,4.2,5.7,3.2,1.2,0.0,5.0,6.2
2020,SF,28,Ivan Jurela,ALK,19,9.6,8.2,2.9,7.6,.379,0.8,3.2,.250,1.6,2.1,.750,2.4,5.5,7.9,1.1,1.8,0.5,3.2,4.2
2020,SF,29,Luka Vucic,SRKL,14,14.7,6.8,2.1,9.3,.225,1.4,4.4,.316,1.2,1.4,.833,1.9,5.4,7.2,1.9,1.4,0.2,1.9,8.4
2020,PF,1,Stefan Fundic,ZAD,19,16.2,36.0,15.6,22.7,.685,0.0,0.2,.000,4.8,10.9,.443,6.4,5.5,11.8,2.0,2.5,0.5,3.9,6.9
2020,PF,2,Filip Bundovic,CIB,21,16.0,34.1,13.0,19.5,.669,1.1,4.0,.286,6.9,9.5,.727,4.3,7.6,11.9,4.0,3.0,0.7,4.0,8.7
2020,PF,3,Tomislav Cvitkovic,PUN,12,18.5,28.6,10.4,19.5,.533,1.7,4.5,.381,6.1,9.1,.667,3.9,6.5,10.4,0.9,1.9,0.4,4.3,8.4
2020,PF,4,Lovro Mazalin,VEL,21,23.5,27.2,9.7,19.1,.510,2.0,6.0,.339,5.6,6.7,.841,4.0,9.5,13.5,5.2,3.2,0.4,3.2,2.4
2020,PF,5,Andrija Coric,VRI,18,29.8,26.2,8.9,18.7,.478,1.6,6.3,.257,6.7,9.5,.708,2.1,6.7,8.8,5.7,1.8,0.1,4.9,4.1
2020,PF,6,Ante Gospic,SRKL,11,28.6,26.1,9.3,20.0,.466,2.3,5.8,.395,5.2,6.9,.756,2.3,6.2,8.5,2.7,1.8,0.2,5.0,6.2
2020,PF,7,Emmanuel Wembi,ALK,21,20.8,24.0,9.7,17.3,.557,0.2,0.4,.500,4.5,8.1,.554,6.9,12.5,19.4,4.5,2.1,3.2,4.9,8.6
2020,PF,8,Marko Ramljak,CIB,20,22.1,23.5,8.3,13.6,.608,2.2,5.8,.377,4.8,5.5,.863,1.3,6.6,7.9,3.5,2.0,0.3,1.8,2.9
2020,PF,9,Tonko Vuko,SIB,21,27.9,22.4,8.5,15.1,.565,1.9,4.4,.426,3.5,5.7,.614,2.9,8.6,11.5,3.2,1.6,0.3,3.5,4.7
2020,PF,10,Milija Mikovic,VEL,17,13.7,22.0,9.7,17.5,.553,0.0,0.8,.000,2.7,4.9,.542,4.1,7.0,11.1,2.5,1.2,0.8,3.1,6.2
2020,PF,11,Dom Samac,ZAB,10,21.1,21.4,7.7,16.1,.479,1.6,5.2,.304,4.3,5.7,.760,3.2,8.9,12.0,5.0,2.5,0.0,3.0,3.9
2020,PF,12,Tomislav Gabric,SPL,21,26.8,21.1,7.4,15.2,.489,2.8,7.7,.367,3.5,4.6,.759,1.6,4.4,6.0,4.3,1.4,0.6,1.9,4.4
2020,PF,13,Gabriel Maric,ALK,20,26.4,21.0,8.7,18.6,.468,1.8,5.5,.333,1.7,2.5,.704,1.3,3.9,5.2,3.1,1.4,0.2,2.3,3.8
2020,PF,14,Marko Sarac,DUB,21,27.8,20.8,5.6,17.4,.322,3.5,11.6,.305,6.1,7.8,.779,1.1,6.8,7.9,1.6,0.2,0.6,3.7,4.4
2020,PF,15,Byron Allen,ZAD,16,27.7,20.7,7.9,17.5,.453,2.8,7.9,.356,2.1,2.7,.760,0.7,6.8,7.5,8.7,3.0,0.3,4.9,3.0
2020,PF,16,Mate Vucic,CIB,19,14.4,18.7,8.0,12.4,.648,0.0,0.2,.000,2.6,4.4,.600,4.5,12.2,16.8,3.8,2.4,2.1,3.1,8.0
2020,PF,17,Luka Ljubicic,HERM,21,18.5,17.6,7.3,13.8,.527,1.6,3.9,.406,1.5,2.1,.706,2.6,5.1,7.6,2.6,0.4,0.1,2.2,5.7
2020,PF,18,Patrik Jambrovic,ZAB,21,22.7,17.1,6.6,12.8,.520,0.9,2.3,.391,2.9,4.0,.725,2.9,6.0,9.0,3.6,2.1,0.3,2.7,5.0
2020,PF,19,Ivan Vrgoc,SPL,15,12.5,15.1,5.6,13.6,.415,1.5,7.4,.207,2.3,3.6,.643,2.3,8.2,10.5,2.8,2.6,0.8,2.3,9.0
2020,PF,20,Vuk Dmitrovic,VRI,10,2.8,13.8,5.2,15.6,.333,1.7,6.9,.250,1.7,3.5,.500,1.7,3.5,5.2,5.2,0.0,0.0,1.7,5.2
2020,PF,21,Eddi Jurjevic,PUN,18,19.0,13.0,6.2,12.2,.506,0.1,0.8,.167,0.6,1.5,.364,2.8,8.0,10.8,3.1,1.7,1.0,3.2,7.0
2020,PF,22,Franko Kalpic,HERM,21,32.5,12.9,4.8,13.2,.362,1.4,5.4,.260,1.9,2.7,.692,1.1,7.2,8.3,5.1,2.0,0.7,3.4,3.1
2020,PF,23,Antonio Crnjevic,ZAB,14,21.1,12.6,4.7,10.4,.453,1.3,3.1,.421,1.9,3.9,.500,1.3,4.9,6.2,5.5,2.9,0.0,1.9,4.5
2020,PF,24,Dario Gazic,HERM,18,9.3,10.6,4.9,11.5,.425,0.0,0.0,.000,0.9,1.7,.500,3.7,5.4,9.2,0.9,1.7,0.0,2.0,6.9
2020,C,1,Domagoj Vrkic,SRKL,14,15.9,29.9,11.2,24.3,.460,3.0,8.2,.368,4.5,6.7,.677,3.0,4.5,7.5,1.9,0.6,1.1,3.9,9.7
2020,C,2,Ivan Vranes,SIB,10,25.8,29.0,12.6,23.4,.540,0.0,0.0,.000,3.7,6.7,.556,4.3,9.5,13.7,4.6,1.9,1.1,3.5,4.6
2020,C,3,Kresimir Ljubicic,CIB,17,11.7,27.0,10.4,16.9,.614,0.0,0.0,.000,6.3,9.2,.684,4.8,8.0,12.8,2.2,1.7,3.6,5.3,7.2
2020,C,4,Jure Planinic,ZAD,18,12.0,25.7,8.9,14.4,.615,1.1,2.2,.500,6.9,9.8,.705,5.5,11.1,16.6,2.7,2.0,1.3,3.8,9.1
2020,C,5,Ivan Vranes,VEL,11,15.3,25.4,10.0,18.6,.538,0.0,0.0,.000,5.4,8.0,.679,4.0,8.9,12.9,2.0,2.3,0.6,3.7,6.3
2020,C,6,Roko Prkacin,CIB,20,21.9,25.4,10.2,18.0,.567,2.0,5.4,.367,3.1,4.8,.636,3.0,8.8,11.7,3.0,2.5,1.3,2.5,4.8
2020,C,7,Markus Loncar,ZAB,21,20.7,25.3,9.8,18.2,.539,0.8,2.9,.269,4.9,7.1,.688,4.3,7.5,11.8,3.5,1.8,2.8,6.1,7.6
2020,C,8,Julian Rajic,HERM,20,25.0,24.9,9.7,18.3,.529,0.0,0.0,.000,5.6,9.9,.563,4.7,7.2,11.9,3.5,1.4,0.9,5.5,5.7
2020,C,9,Josip Popic,PUN,15,15.7,24.5,8.2,13.7,.597,0.2,0.2,1.000,8.0,11.9,.672,5.5,9.0,14.5,0.6,0.4,0.2,4.9,8.0
2020,C,10,Akos Keller,ZAD,12,15.2,24.5,10.5,16.0,.656,0.8,1.8,.429,2.6,4.7,.556,4.7,7.4,12.1,0.5,0.3,2.1,2.9,8.7
2020,C,11,Kristijan Sutalo,DUB,21,18.5,24.3,9.9,17.3,.571,0.1,0.5,.250,4.4,6.2,.720,5.8,5.4,11.2,2.7,1.5,1.2,4.1,6.9
2020,C,12,Mateo Kedzo,SPL,20,15.9,23.3,9.2,19.6,.469,1.2,2.7,.444,3.8,6.5,.581,2.9,6.3,9.2,5.1,0.9,0.2,2.6,6.2
2020,C,13,Darko Bajo,SPL,19,25.4,23.3,7.6,13.3,.567,0.6,2.1,.286,7.6,10.3,.738,3.4,7.7,11.0,2.4,1.6,1.0,3.7,5.4
2020,C,14,Lovro Buljevic,VRI,20,21.4,23.2,9.1,15.0,.604,1.0,3.1,.321,4.0,5.5,.735,3.5,8.2,11.6,2.7,0.9,2.3,2.9,5.8
2020,C,15,Hrvoje Vucic,ALK,21,22.2,22.9,8.9,20.1,.444,1.9,7.5,.247,3.2,4.1,.775,2.6,8.0,10.6,2.2,1.0,0.7,1.9,4.2
2020,C,16,Ante Smolic,DUB,21,18.8,22.4,8.9,20.1,.442,0.7,2.3,.316,3.9,5.6,.696,3.9,8.0,11.9,2.4,1.8,1.2,2.9,6.6
2020,C,17,Robert Rikic,SPL,10,9.9,21.8,8.7,14.5,.600,0.0,0.0,.000,4.4,6.8,.643,6.8,5.8,12.6,1.5,1.5,2.4,6.3,8.2
2020,C,18,Domagoj Vukovic,ZAD,20,22.2,19.3,8.0,13.6,.587,1.7,4.6,.372,1.6,1.8,.882,2.8,9.6,12.4,5.1,2.7,3.0,3.7,4.2
2020,C,19,Eric Cobb,SIB,10,16.2,19.2,7.4,14.8,.500,0.9,3.0,.300,3.6,5.0,.706,4.1,8.6,12.7,4.7,1.5,1.2,4.7,5.9
2020,C,20,Sime Spralja,PUN,21,24.9,19.2,7.0,17.0,.411,2.7,8.6,.319,2.5,3.5,.711,1.7,6.7,8.4,2.1,1.3,1.6,2.2,6.6
2020,C,21,Zvonimir Cutuk,ZAB,20,18.8,17.9,7.1,13.7,.523,0.9,2.6,.350,2.7,4.2,.636,2.4,7.1,9.6,2.9,2.2,3.6,2.7,8.0
2020,C,22,Tomislav Ivisic,SIB,16,8.0,16.1,7.1,15.4,.463,0.4,2.3,.167,1.5,1.9,.800,3.8,7.5,11.3,4.1,1.1,1.5,2.6,5.6
2020,C,23,Antonio Boban,SRKL,21,28.4,13.4,5.2,12.1,.433,2.1,6.9,.302,0.9,1.7,.524,2.1,7.2,9.3,1.5,1.8,0.6,2.4,4.3
2020,C,24,Ivan Papac,VEL,20,13.6,12.5,5.3,11.5,.462,0.5,2.7,.200,1.4,3.2,.444,3.0,4.9,8.0,1.6,2.3,1.4,2.5,7.4
2020,C,25,Dario Cvitkovic,SRKL,10,9.1,10.6,4.8,9.0,.529,0.0,0.0,.000,1.1,2.1,.500,2.6,5.3,7.9,1.6,1.1,0.0,0.5,9.5
2021,PG,1,Tramaine Isabell,DUB,19,30.1,29.5,11.5,21.3,.539,1.4,4.8,.298,5.1,7.4,.693,0.9,3.9,4.8,8.0,2.3,0.0,4.9,1.9
2021,PG,2,Ivan Martinko,ZAB,16,4.2,25.7,8.6,15.7,.545,5.0,10.0,.500,3.6,4.3,.833,1.4,1.4,2.9,5.7,1.4,0.0,1.4,6.4
2021,PG,3,Eyassu Worku,ZAB,18,29.5,25.1,10.1,21.1,.479,2.1,6.4,.324,2.8,4.2,.660,1.5,6.1,7.7,5.5,3.0,0.0,3.5,3.7
2021,PG,4,Naba Echols,ALK,31,31.6,24.8,8.6,16.9,.507,2.9,6.9,.421,4.8,6.1,.776,0.7,2.8,3.6,7.1,1.9,0.0,3.1,3.1
2021,PG,5,Roko Ukic,SPL,12,24.6,24.4,8.9,21.8,.410,4.6,13.0,.350,2.0,2.3,.857,0.8,4.4,5.2,7.0,1.5,0.0,2.9,2.8
2021,PG,6,Noa Svoboda,HERM,10,15.0,23.3,8.6,17.6,.491,3.2,6.7,.476,2.9,3.8,.750,1.0,5.8,6.7,8.3,1.9,0.0,4.8,6.4
2021,PG,7,Sime Lisica,ZAB,10,20.6,23.3,8.9,17.5,.507,3.7,10.3,.364,1.9,2.6,.727,1.2,4.0,5.1,4.9,0.9,0.0,4.2,6.8
2021,PG,8,Toni Perkovic,SPL,38,23.1,23.1,8.0,18.7,.430,3.9,10.6,.369,3.1,5.0,.626,1.6,4.9,6.6,5.9,3.1,0.3,3.3,4.7
2021,PG,9,Ivan Svoboda,HERM,32,29.6,22.4,7.3,16.0,.457,3.7,9.2,.407,4.1,4.7,.860,0.8,2.5,3.2,4.1,1.3,0.0,3.4,2.8
2021,PG,10,Kresimir Radovcic,CIB,36,19.5,22.1,8.3,17.4,.478,2.4,6.7,.357,3.1,4.0,.763,1.6,3.3,4.9,8.3,1.7,0.1,3.1,4.9
2021,PG,11,Dylan Frye,VRI,12,32.7,21.7,7.5,16.5,.452,3.9,9.1,.432,2.8,4.2,.676,1.0,3.2,4.2,7.8,2.1,0.0,4.4,4.9
2021,PG,12,Duje Brala,ZAD,30,14.7,20.1,7.0,14.0,.500,1.1,3.7,.294,5.0,6.6,.767,2.1,4.8,6.9,3.2,1.9,0.0,2.8,3.9
2021,PG,13,Karlo Uljarevic,VEL,36,20.5,19.6,6.4,14.0,.456,3.8,9.4,.410,3.0,3.6,.836,0.7,4.8,5.5,6.4,2.0,0.1,3.3,4.8
2021,PG,14,Marko Marcelic,HERM,19,6.9,19.5,5.9,18.0,.327,4.8,14.4,.333,2.9,3.7,.800,1.8,4.4,6.3,3.3,3.3,0.0,4.1,4.8
2021,PG,15,Antonio Jordano,ZAD,28,23.1,19.3,6.6,14.0,.471,4.7,10.9,.429,1.4,1.6,.905,0.3,3.4,3.7,2.7,1.9,0.1,1.2,3.9
2021,PG,16,Sime Lisica,VRI,16,34.7,19.1,6.8,15.3,.446,3.4,8.2,.411,2.1,2.2,.960,0.9,3.1,4.0,5.1,1.8,0.1,2.7,3.8
2021,PG,17,Mate Kalajzic,VEL,35,21.9,19.1,7.0,14.9,.466,1.7,4.5,.375,3.4,4.7,.733,1.4,3.7,5.1,8.6,2.2,0.1,3.3,3.9
2021,PG,18,Filip Josic,PUN,19,16.3,19.1,6.0,14.4,.419,3.9,11.2,.347,3.1,4.2,.741,0.9,4.2,5.1,2.9,3.1,0.0,4.8,6.4
2021,PG,19,Ilija Dokovic,SPL,22,20.3,18.8,5.3,13.0,.405,3.8,9.3,.402,4.5,5.5,.824,0.6,3.4,4.1,10.1,0.9,0.0,4.1,6.3
2021,PG,20,Grgur Brcic,HERM,16,15.0,18.4,7.4,11.8,.627,0.0,1.4,.000,3.6,6.0,.600,3.8,6.0,9.8,1.6,1.4,0.8,3.6,5.8
2021,PG,21,Adnan Arslanagic,SRKL,30,20.8,17.8,6.4,13.5,.474,1.5,5.5,.268,3.5,6.2,.575,1.3,3.4,4.7,7.1,2.5,0.0,5.1,5.8
2021,PG,22,Srdan Brocic,ALK,29,21.2,17.7,6.3,15.6,.405,2.0,7.0,.278,3.1,4.7,.667,0.7,4.4,5.1,10.3,1.6,0.0,6.1,4.6
2021,PG,23,Jakov Vladovic,PUN,26,23.6,17.5,6.2,16.9,.366,2.7,8.8,.310,2.4,3.4,.705,0.4,4.5,4.9,7.6,2.6,0.1,4.3,4.1
2021,PG,24,Bruno Peric,HERM,10,26.5,17.2,5.6,14.5,.388,1.4,5.3,.276,4.5,5.8,.781,1.1,2.4,3.4,5.4,1.8,0.5,5.6,4.7
2021,PG,25,Mladen Tomasevic,ALK,14,4.0,16.3,7.7,12.8,.600,0.0,0.9,.000,0.9,0.9,1.000,1.7,5.1,6.9,1.7,0.9,0.0,1.7,5.1
2021,PG,26,Roko Gizdavcic,SPL,22,9.4,15.8,5.4,10.7,.500,4.2,8.6,.486,0.9,0.9,1.000,0.2,2.3,2.6,8.2,3.3,0.5,3.7,5.1
2021,PG,27,Ivan Majic,DUB,33,25.9,15.7,5.5,12.0,.458,3.1,6.5,.474,1.6,2.1,.763,1.1,3.4,4.5,2.5,1.7,0.3,2.1,5.7
2021,PG,28,Sani Campara,SPL,39,21.2,15.2,5.1,12.4,.413,3.1,8.4,.366,1.9,2.6,.727,0.8,2.4,3.2,6.0,1.9,0.0,3.1,4.2
2021,PG,29,Juraj Pleadin,SIB,25,14.8,15.0,4.8,11.3,.425,2.1,6.3,.327,3.4,4.1,.813,1.7,4.4,6.1,2.1,0.8,0.4,2.6,5.4
2021,PG,30,Toni Jelenkovic,SRKL,33,21.6,15.0,5.7,12.9,.440,1.6,5.9,.273,2.1,2.6,.795,1.1,2.9,4.0,10.0,2.3,0.3,6.4,5.0
2021,PG,31,Dino Palcic,PUN,30,20.5,14.9,4.7,11.0,.426,1.9,5.2,.358,3.7,4.5,.825,1.2,4.8,6.0,10.5,1.5,0.0,2.7,5.3
2021,PG,32,Borna Kapusta,VEL,37,20.9,14.7,4.7,11.0,.427,1.8,6.1,.296,3.5,4.7,.737,1.4,5.6,7.0,14.1,2.5,0.0,4.5,5.9
2021,PG,33,Lovro Gnjidic,CIB,32,16.1,14.4,4.7,10.3,.455,1.5,4.4,.340,3.6,5.3,.684,1.4,3.5,4.9,9.3,2.9,0.7,6.5,6.3
2021,PG,34,Domagoj Saric,SIB,33,30.2,13.9,5.3,12.0,.442,3.0,7.5,.400,0.3,0.6,.538,0.4,2.8,3.2,5.5,1.2,0.1,2.8,3.4
2021,PG,35,Jan Palokaj,ZAD,39,19.4,13.8,5.3,12.5,.421,2.0,7.2,.281,1.2,1.8,.679,1.1,3.9,5.0,4.0,1.7,0.2,2.7,4.5
2021,PG,36,Fran Vujic,DUB,24,13.1,13.6,4.6,12.5,.366,0.5,4.0,.115,4.0,6.4,.619,1.8,2.9,4.7,4.9,2.7,0.2,5.0,8.4
2021,PG,37,Teo Petani,PUN,29,22.1,13.5,4.0,11.1,.358,2.4,8.6,.278,3.2,3.4,.935,1.0,2.5,3.5,6.6,2.2,0.0,2.8,4.8
2021,PG,38,Filip Paponja,ZAD,11,10.4,11.7,3.8,6.7,.563,3.3,5.4,.615,0.8,1.7,.500,1.3,4.6,5.9,9.2,2.5,0.0,4.6,6.3
2021,SG,1,Antonio Jordano,VRI,12,34.5,26.3,8.9,17.7,.503,5.3,11.4,.469,3.1,3.7,.844,0.8,4.5,5.3,5.3,2.2,0.0,4.1,3.2
2021,SG,2,Trey Freeman,SIB,32,35.7,25.7,9.9,19.5,.506,1.3,3.8,.356,4.6,5.2,.894,1.0,5.3,6.3,6.0,1.8,0.6,2.8,3.9
2021,SG,3,Kodi Justice,ZAD,31,21.6,24.3,8.6,17.6,.490,4.4,10.0,.446,2.7,3.2,.822,0.7,4.5,5.2,4.6,2.0,0.3,2.2,3.2
2021,SG,4,Blaz Mesicek,SPL,24,21.7,23.9,7.3,15.0,.485,2.7,6.5,.408,6.7,8.0,.839,0.9,4.9,5.8,6.9,1.5,0.6,3.9,3.9
2021,SG,5,Fran Pilepic,SRKL,20,22.9,23.3,7.2,16.2,.448,3.8,8.9,.424,5.0,5.6,.906,1.4,3.4,4.7,5.5,2.2,0.4,2.8,3.8
2021,SG,6,Luka Panduric,DUB,33,28.6,22.0,7.6,16.5,.462,2.7,7.7,.358,4.0,5.2,.775,0.5,3.4,3.9,5.7,1.7,0.1,5.5,4.0
2021,SG,7,Justin Carter,ZAD,38,19.8,21.8,7.4,16.5,.450,1.8,5.7,.311,5.2,6.7,.771,2.1,8.4,10.5,4.7,2.4,0.8,2.9,3.1
2021,SG,8,Maj Kovacevic,VEL,19,18.6,21.3,6.9,16.7,.415,5.3,12.5,.424,2.2,2.6,.842,0.8,1.6,2.4,2.0,2.6,0.0,1.8,3.9
2021,SG,9,Josip Barnjak,SRKL,35,26.3,20.5,7.3,15.8,.461,1.5,5.7,.255,4.5,6.4,.705,2.2,4.0,6.2,7.0,3.3,0.8,5.3,6.2
2021,SG,10,Martin Junakovic,ZAD,38,19.0,20.4,6.8,16.3,.419,1.9,6.2,.309,4.8,6.4,.750,1.1,2.7,3.7,7.6,2.3,0.1,4.1,6.3
2021,SG,11,Ivan Majcunic,VEL,34,21.6,19.5,6.5,16.3,.400,3.5,9.4,.368,3.0,3.3,.920,1.3,3.5,4.8,3.3,2.5,0.2,1.6,3.9
2021,SG,12,Sandro Rasic,PUN,28,23.8,18.2,6.8,16.0,.422,3.3,10.0,.331,1.4,1.9,.704,2.3,4.2,6.5,2.2,1.7,0.5,2.8,5.3
2021,SG,13,Petar Maric,ZAB,32,30.1,17.9,6.5,12.5,.522,1.6,4.0,.400,3.3,4.0,.825,0.9,3.7,4.7,6.2,1.6,0.0,3.2,2.7
2021,SG,14,Luka Tomas,ZAB,32,28.0,17.6,6.1,14.9,.410,2.4,6.4,.367,3.1,4.1,.750,1.1,3.3,4.4,5.8,1.9,0.2,3.3,3.3
2021,SG,15,Luka Krajinovic,ZAB,23,10.9,17.5,6.0,11.7,.508,4.2,8.3,.512,1.3,1.5,.875,0.2,1.2,1.3,3.5,1.2,0.0,2.5,7.3
2021,SG,16,Toni Nakic,CIB,35,24.1,17.2,5.5,12.4,.440,2.9,7.8,.372,3.4,3.8,.909,1.6,3.4,5.0,4.8,2.2,0.4,1.4,3.8
2021,SG,17,Petar Peric,DUB,33,17.1,17.1,6.0,14.6,.413,3.1,8.7,.353,2.0,2.5,.767,0.6,2.7,3.3,4.6,1.8,0.0,3.3,4.3
2021,SG,18,Domagoj Basic,SIB,31,19.6,16.5,5.3,12.7,.416,4.0,8.9,.455,1.9,1.9,1.000,0.6,1.8,2.4,1.9,1.5,0.0,0.8,3.4
2021,SG,19,Ivan Kucan,ALK,33,28.9,16.1,5.4,13.6,.396,3.3,8.9,.375,2.0,2.8,.727,0.8,4.4,5.1,2.8,1.2,0.2,2.5,5.0
2021,SG,20,Filip Bjelanovic,SRKL,17,8.8,15.6,5.4,16.9,.321,1.3,7.0,.182,3.5,4.5,.786,3.8,6.4,10.2,3.2,5.1,0.3,4.1,9.3
2021,SG,21,Vito Porobic,VRI,33,26.5,15.3,5.2,11.1,.463,1.3,4.3,.304,3.7,4.5,.817,1.2,4.3,5.5,5.9,1.3,0.3,3.2,6.2
2021,SG,22,Luka Cvitanovic,HERM,21,19.3,14.5,5.4,12.9,.422,2.2,5.9,.380,1.4,2.4,.600,0.7,3.8,4.5,3.1,1.4,0.1,3.3,5.1
2021,SG,23,Jakov Mustapic,CIB,13,18.7,14.4,5.5,12.4,.444,0.8,3.6,.222,2.6,3.4,.765,0.6,6.9,7.5,4.3,3.6,1.0,3.2,5.1
2021,SG,24,Emil Savic,VEL,27,15.2,13.6,4.8,11.8,.406,2.7,7.6,.354,1.3,1.8,.733,1.3,3.2,4.4,3.6,1.8,0.0,1.5,4.7
2021,SG,25,Andro Anzulovic,ZAB,31,22.8,13.2,3.7,9.4,.396,2.8,7.3,.383,3.0,3.5,.846,0.8,3.8,4.6,4.7,2.2,0.3,1.8,3.9
2021,SG,26,Franko Kalpic,HERM,28,31.3,12.4,4.6,12.5,.368,1.3,5.4,.245,1.9,2.6,.708,1.3,6.2,7.5,6.4,0.9,0.4,4.4,4.1
2021,SG,27,Ivan Gulin,SIB,14,20.1,12.1,4.8,13.3,.359,2.0,8.2,.250,0.5,1.5,.333,1.2,2.7,3.9,2.4,1.4,0.2,2.0,4.4
2021,SG,28,Andro Antonic,ZAB,20,6.3,9.9,3.4,11.9,.290,1.1,6.5,.176,1.5,2.7,.571,1.1,1.5,2.7,3.1,2.3,0.0,2.3,4.2
2021,SG,29,Luka Spehar,VRI,18,5.7,3.7,0.9,5.6,.167,0.9,4.2,.222,0.9,0.9,1.000,0.5,2.3,2.8,3.3,1.4,0.5,4.7,9.3
2021,SF,1,Ivan Novacic,CIB,34,18.0,25.8,10.0,17.4,.572,3.5,7.5,.474,2.4,3.0,.789,1.6,4.6,6.3,3.9,2.0,0.2,2.6,4.1
2021,SF,2,Mateo Dreznjak,CIB,33,25.9,23.4,8.1,15.5,.525,2.0,5.8,.350,5.1,6.2,.811,1.3,4.4,5.7,5.7,2.5,0.2,2.6,5.3
2021,SF,3,Ivan Perasovic,SPL,35,18.3,22.4,9.1,15.2,.601,2.4,6.1,.395,1.7,2.3,.742,2.8,6.2,9.1,4.1,1.3,0.8,2.8,4.4
2021,SF,4,Mislav Brzoja,DUB,12,34.9,22.3,7.4,17.9,.417,2.3,6.4,.357,5.2,7.0,.738,2.2,5.6,7.8,8.2,2.4,0.3,4.8,3.7
2021,SF,5,Robert Kujundzic,VRI,33,34.9,22.0,8.5,14.9,.567,1.5,4.6,.315,3.6,4.8,.754,1.3,7.5,8.8,3.5,1.9,0.6,2.5,3.0
2021,SF,6,Dominik Mavra,ZAD,41,23.4,21.0,7.0,14.6,.481,3.1,8.1,.379,3.9,4.9,.804,1.0,3.8,4.8,8.2,2.1,0.1,3.6,3.6
2021,SF,7,Jure Gunjina,SRKL,35,28.3,20.6,7.8,18.5,.424,2.4,7.6,.321,2.5,3.8,.654,1.8,6.7,8.5,3.9,1.7,0.3,3.1,3.3
2021,SF,8,Antonio Boban,SRKL,33,22.1,19.3,7.0,14.8,.473,2.7,8.2,.331,2.6,3.4,.784,2.1,6.4,8.5,1.8,1.6,1.1,1.7,4.0
2021,SF,9,Lovre Runjic,PUN,33,32.6,19.1,7.2,14.4,.502,1.2,3.7,.337,3.4,5.5,.626,0.9,5.7,6.6,3.6,2.8,0.5,4.3,3.9
2021,SF,10,Domagoj Vukovic,ZAD,43,21.0,19.1,7.7,14.7,.523,1.8,5.3,.343,1.9,2.6,.735,3.1,9.3,12.4,2.5,2.2,1.7,2.7,5.3
2021,SF,11,Antonio Crnjevic,ZAB,33,27.5,18.3,7.3,15.4,.476,1.6,5.5,.288,2.1,4.2,.494,2.1,8.1,10.2,5.1,1.7,0.2,2.7,5.2
2021,SF,12,Filip Kordic,HERM,28,30.2,18.2,6.2,16.6,.373,3.7,11.4,.325,2.2,2.7,.809,1.4,4.4,5.9,4.4,1.8,0.3,3.9,4.6
2021,SF,13,Ivan Zivkovic,SIB,10,2.1,18.2,6.8,25.0,.273,4.5,20.5,.222,0.0,0.0,.000,0.0,4.5,4.5,0.0,0.0,0.0,2.3,4.5
2021,SF,14,Igor Maric,CIB,35,15.6,18.1,6.6,14.1,.469,4.2,10.5,.403,0.7,0.8,.889,2.3,6.7,9.0,2.8,3.2,0.1,1.4,3.3
2021,SF,15,Josip Bilinovac,CIB,17,18.1,18.1,6.7,13.2,.506,3.3,8.4,.389,1.4,2.2,.643,1.1,2.2,3.3,6.5,1.6,0.0,1.7,4.8
2021,SF,16,Dominic Gilbert,ZAD,13,19.8,17.5,6.9,13.6,.507,1.3,5.4,.241,2.4,3.9,.619,3.9,9.5,13.4,1.1,1.3,0.4,3.7,4.9
2021,SF,17,Gabriel Maric,ZAB,17,22.1,16.2,6.1,15.1,.407,1.9,5.6,.341,2.0,3.1,.667,0.6,2.8,3.5,2.3,1.2,0.9,3.7,4.6
2021,SF,18,Marin Vrucinic,PUN,27,20.1,16.2,5.7,12.8,.441,2.1,5.5,.387,2.7,2.8,.969,0.8,3.3,4.1,5.5,1.3,0.3,3.7,4.2
2021,SF,19,Ivan Batur,VEL,28,21.2,15.5,6.2,12.4,.503,1.6,5.2,.313,1.5,1.5,.947,2.2,5.5,7.7,4.2,1.9,0.2,2.4,3.6
2021,SF,20,Ante Masic,VEL,34,20.0,15.3,5.2,10.9,.474,2.6,6.5,.402,2.3,3.0,.767,1.1,5.6,6.7,2.5,1.1,0.1,2.3,5.0
2021,SF,21,Pavle Marcinkovic,SPL,32,25.9,14.0,5.0,10.7,.470,2.1,5.3,.402,1.7,2.4,.732,2.3,6.5,8.8,3.9,2.5,0.2,2.1,3.6
2021,SF,22,Lovro Mandainic,ALK,20,18.8,13.0,4.6,15.1,.305,1.7,6.6,.250,2.2,2.8,.773,2.0,4.0,6.0,2.8,1.0,0.8,3.2,5.5
2021,SF,23,Kristian Andabaka,SIB,17,21.2,12.5,4.0,9.8,.405,1.9,5.6,.333,2.7,4.0,.667,1.2,4.4,5.6,4.3,2.3,0.4,1.5,4.4
2021,SF,24,Dominik Zelanto,PUN,19,6.2,12.3,5.7,13.9,.412,0.8,3.3,.250,0.0,1.2,.000,2.5,5.3,7.8,0.8,1.2,0.4,2.5,4.9
2021,SF,25,Luka Vucic,SRKL,23,11.8,11.7,4.8,9.9,.482,1.4,5.1,.276,0.7,2.1,.333,1.8,3.9,5.7,3.4,1.9,1.2,5.1,6.5
2021,SF,26,Duje Putnik,ALK,31,15.6,11.2,4.1,9.3,.436,2.3,5.9,.390,0.8,1.7,.471,1.5,2.7,4.2,2.4,1.0,0.9,2.3,8.3
2021,SF,27,Marko Vlaic,SIB,20,8.1,10.7,3.9,12.2,.317,1.8,6.8,.261,1.2,2.1,.571,2.7,3.3,6.0,2.1,1.8,0.0,2.7,5.1
2021,SF,28,Franko Filipovic,VRI,22,9.6,10.7,3.6,5.9,.615,1.4,2.3,.600,2.0,3.4,.600,0.7,2.5,3.2,4.3,0.9,0.0,4.8,7.0
2021,SF,29,Franjo Elcic,ZAB,15,2.8,10.2,3.4,7.9,.429,0.0,2.3,.000,3.4,4.5,.750,1.1,1.1,2.3,5.7,1.1,0.0,5.7,0.0
2021,SF,30,Mario Rajcic,SRKL,27,9.2,9.1,3.3,9.6,.340,1.7,6.4,.273,0.8,1.0,.800,0.4,3.3,3.7,1.4,1.2,0.4,2.3,7.9
2021,SF,31,Niko Manojlovic,PUN,12,3.6,7.7,2.2,7.7,.286,1.1,2.2,.500,2.2,4.4,.500,6.6,8.8,15.4,3.3,2.2,1.1,5.5,6.6
2021,PF,1,Filip Bundovic,CIB,14,16.1,30.7,11.1,16.9,.658,1.5,3.0,.500,7.0,7.7,.917,4.3,6.8,11.1,3.4,1.7,1.5,4.1,8.3
2021,PF,2,Lovro Mazalin,VEL,33,24.2,28.8,10.5,18.6,.561,1.6,4.9,.333,6.3,9.1,.691,3.7,10.9,14.7,3.0,1.8,0.3,3.9,4.1
2021,PF,3,Tomislav Cvitkovic,PUN,32,26.6,28.1,10.6,21.6,.490,2.2,6.5,.339,4.7,6.1,.769,3.6,6.0,9.5,2.5,2.0,0.5,3.0,6.4
2021,PF,4,Ozren Pavlovic,VEL,16,16.7,27.5,9.0,19.8,.455,4.0,10.6,.373,5.6,7.5,.738,2.3,9.2,11.5,2.0,2.3,1.3,3.1,4.7
2021,PF,5,Marko Bakovic,VEL,30,18.8,26.5,10.2,17.6,.580,2.1,4.5,.472,3.9,5.6,.697,3.4,6.5,9.9,2.0,1.8,1.6,2.7,5.7
2021,PF,6,Marko Lukovic,SPL,33,24.3,26.4,8.4,18.4,.456,3.4,8.4,.400,6.2,8.2,.759,2.2,6.4,8.6,5.5,1.3,0.7,3.3,4.6
2021,PF,7,Roko Prkacin,CIB,31,25.5,23.7,9.3,18.3,.508,1.8,5.7,.312,3.3,5.7,.591,3.6,10.2,13.9,4.1,2.2,0.9,4.5,4.3
2021,PF,8,Henrik Sirko,SIB,34,35.3,22.8,8.0,15.0,.531,3.2,8.0,.402,3.7,4.3,.869,1.4,7.7,9.1,6.1,2.4,0.3,3.0,4.8
2021,PF,9,Ante Gospic,PUN,16,25.5,21.5,8.1,16.6,.489,2.4,6.8,.345,2.9,3.3,.893,2.0,6.8,8.8,2.6,1.2,0.1,4.5,6.7
2021,PF,10,Jure Planinic,ZAD,40,11.8,20.9,7.8,13.6,.579,0.2,0.8,.250,5.0,7.7,.645,5.8,7.7,13.6,3.4,2.0,0.6,4.1,8.9
2021,PF,11,Dario Gazic,HERM,23,16.9,20.6,8.8,16.8,.522,0.0,0.0,.000,3.1,4.1,.758,3.1,5.2,8.3,2.2,2.1,0.4,3.1,6.2
2021,PF,12,Luksa Buljevic,CIB,10,10.3,20.5,7.9,16.3,.486,3.3,8.4,.389,1.4,2.3,.600,2.8,7.0,9.8,2.8,2.3,0.5,3.3,4.7
2021,PF,13,Luksa Buljevic,DUB,17,18.9,19.5,7.5,12.4,.602,3.0,6.1,.488,1.5,1.6,.909,1.3,6.0,7.3,3.1,1.0,0.3,3.7,2.8
2021,PF,14,Patrik Jambrovic,ZAB,35,23.4,18.9,7.6,13.2,.578,0.5,2.6,.200,3.2,4.6,.692,3.0,5.5,8.5,4.7,1.6,0.3,3.7,6.4
2021,PF,15,Ivan Milekovic,HERM,32,30.8,18.3,6.1,14.3,.425,4.1,9.5,.429,2.0,2.3,.894,1.2,3.5,4.7,3.5,1.8,0.1,2.4,3.4
2021,PF,16,Antun Maricevic,ZAB,26,17.0,18.0,7.6,14.7,.519,0.3,1.1,.300,2.4,3.0,.786,3.6,9.4,13.0,3.2,2.1,0.9,2.9,6.6
2021,PF,17,Mateo Kedzo,SPL,35,9.5,17.8,7.1,15.7,.454,0.7,1.9,.385,2.9,3.3,.870,2.9,6.5,9.4,6.1,0.3,0.3,3.5,7.2
2021,PF,18,Vlatko Granic,ALK,26,26.4,16.9,6.6,12.4,.531,2.4,5.4,.442,1.4,1.7,.833,3.1,5.9,9.0,1.0,1.0,0.8,1.7,4.6
2021,PF,19,Ivan Jaksa Sola,DUB,10,3.6,16.2,8.1,17.6,.462,0.0,4.1,.000,0.0,2.7,.000,2.7,6.8,9.5,2.7,0.0,0.0,0.0,9.5
2021,PF,20,Ivan Vucic,ALK,32,28.9,16.1,6.0,14.0,.431,1.6,4.3,.373,2.5,4.1,.608,2.8,7.6,10.4,4.7,2.5,0.6,5.1,5.2
2021,PF,21,Aleksandar Bursac,ZAD,39,19.9,14.7,6.7,12.5,.540,0.4,2.2,.200,0.8,1.8,.448,3.1,6.0,9.2,3.2,1.7,0.7,2.0,5.0
2021,PF,22,Ivan Vrgoc,SRKL,34,22.4,13.8,4.8,11.8,.412,1.8,6.1,.289,2.3,3.5,.673,2.2,5.7,7.9,4.0,2.0,0.8,3.1,6.5
2021,PF,23,Luka Babic,SPL,22,26.8,13.2,4.9,13.6,.359,2.0,7.6,.255,1.5,2.0,.720,1.4,8.3,9.7,7.3,1.8,1.0,2.2,3.2
2021,PF,24,Makur Puou,DUB,20,22.4,13.1,5.3,9.6,.544,0.1,0.1,1.000,2.5,3.6,.676,5.9,7.9,13.8,1.2,1.4,1.9,3.6,6.4
2021,PF,25,Dario Cvitkovic,SRKL,24,6.5,12.6,5.6,12.3,.450,0.3,0.3,1.000,1.2,2.5,.500,4.6,5.2,9.9,0.9,1.2,1.9,2.8,8.3
2021,PF,26,Matej Buovac,DUB,12,19.6,12.3,4.9,13.7,.358,1.6,7.8,.211,0.8,1.2,.667,1.0,7.2,8.2,2.9,1.0,0.2,2.5,5.3
2021,PF,27,Arijan Lakic,VRI,32,34.1,12.2,4.2,9.8,.430,1.2,4.7,.252,2.6,3.8,.686,1.5,5.4,6.9,7.4,2.1,0.7,4.1,4.4
2021,PF,28,Luka Ljubicic,DUB,12,11.5,11.1,4.5,10.7,.419,2.1,5.9,.353,0.0,0.0,.000,2.1,3.5,5.5,3.5,0.7,0.0,2.1,3.5
2021,C,1,Darko Planinic,CIB,24,20.4,31.3,12.3,18.6,.663,0.0,0.1,.000,6.7,8.2,.810,4.5,8.2,12.7,1.9,0.6,0.2,5.2,5.3
2021,C,2,Arkim Robertson,SRKL,34,27.5,30.0,11.6,16.8,.693,0.0,0.0,.000,6.7,11.4,.593,5.4,6.8,12.2,1.6,2.3,1.3,4.7,5.6
2021,C,3,Filip Kraljevic,ZAD,15,9.3,29.1,9.9,15.1,.659,0.0,0.3,.000,9.2,12.0,.771,1.7,8.2,9.9,1.4,1.0,1.7,3.4,7.5
2021,C,4,Marin Maric,SPL,28,19.5,28.6,10.6,18.0,.593,0.1,0.5,.167,7.2,9.3,.774,6.8,9.4,16.2,4.5,1.6,1.1,4.9,7.0
2021,C,5,Kresimir Ljubicic,VEL,27,21.3,28.5,11.9,19.3,.619,0.1,0.6,.143,4.5,6.6,.684,5.8,7.2,13.0,3.2,1.1,1.1,4.3,5.3
2021,C,6,Milija Mikovic,SIB,32,32.6,28.4,11.6,21.3,.548,1.0,3.5,.289,4.1,6.6,.625,2.8,7.2,9.9,2.6,1.4,0.8,4.1,4.2
2021,C,7,Chinanu Onuaku,ZAD,36,21.3,28.0,11.5,17.8,.644,0.3,0.9,.286,4.8,8.0,.598,4.6,12.5,17.0,4.2,2.4,2.1,4.9,5.6
2021,C,8,Pavao Paic,VRI,33,27.2,27.7,11.0,20.1,.545,1.9,5.0,.372,3.9,5.6,.695,3.1,6.6,9.7,3.5,2.3,1.7,3.8,5.8
2021,C,9,Viktor Saric,SPL,20,7.5,26.7,12.2,18.7,.655,1.6,2.3,.714,0.6,1.9,.333,5.2,8.1,13.2,2.9,0.6,2.6,2.3,6.8
2021,C,10,Danko Brankovic,CIB,21,14.2,24.8,10.3,15.6,.660,0.5,1.0,.500,3.7,5.5,.676,3.4,10.0,13.4,2.9,1.8,3.1,3.1,8.1
2021,C,11,Hrvoje Vucic,ALK,33,16.6,24.5,9.5,21.3,.444,3.2,8.8,.360,2.4,3.0,.794,2.8,5.5,8.3,1.8,1.1,0.5,3.2,4.5
2021,C,12,Djordje Topolovic,VRI,32,16.4,24.3,9.4,18.1,.518,0.2,0.8,.222,5.4,6.7,.808,3.8,7.4,11.2,1.7,1.1,1.1,4.4,8.2
2021,C,13,Hasan Varence,ALK,33,26.4,23.8,10.1,16.5,.612,0.9,2.5,.370,2.6,4.0,.667,5.1,10.4,15.5,2.1,1.7,0.8,3.4,5.2
2021,C,14,Danko Brankovic,DUB,11,21.5,23.8,10.4,15.2,.680,0.0,0.2,.000,3.0,4.7,.652,4.9,8.3,13.2,2.6,2.0,3.5,3.3,6.1
2021,C,15,Ante Smolic,DUB,33,18.6,23.2,9.7,19.5,.498,1.3,3.1,.400,2.6,3.4,.767,3.6,10.0,13.6,2.3,0.7,1.6,3.6,7.0
2021,C,16,Kristijan Sutalo,HERM,30,22.3,22.9,9.1,17.3,.525,0.8,1.9,.407,4.0,5.9,.671,4.4,9.2,13.6,4.0,1.7,1.6,5.3,6.6
2021,C,17,Antonio Vrankovic,SPL,38,15.6,21.1,7.9,13.3,.598,0.2,0.9,.273,5.0,7.0,.721,5.3,6.3,11.6,1.9,0.9,1.9,3.1,7.2
2021,C,18,Mladen Primorac,ZAB,15,27.9,20.9,8.3,20.2,.409,0.9,3.3,.276,3.4,5.5,.625,4.9,8.8,13.8,7.2,1.8,0.1,5.1,5.4
2021,C,19,Darko Bajo,SPL,36,14.5,19.3,7.8,12.8,.607,0.1,0.6,.167,3.6,6.6,.542,2.9,6.9,9.8,3.3,0.6,1.1,3.2,7.6
2021,C,20,Daniel Zovko,PUN,24,22.4,19.1,7.6,16.7,.455,0.9,4.3,.208,3.0,5.9,.515,4.4,6.6,11.0,3.4,1.7,0.8,3.1,6.3
2021,C,21,Ala Jerkovic,DUB,33,25.5,18.0,6.9,15.2,.455,2.2,6.1,.364,2.0,3.0,.660,2.7,6.8,9.5,1.4,1.0,1.0,3.4,5.4
2021,C,22,Marino Sarlija,PUN,14,19.3,17.4,7.5,12.8,.583,0.4,0.7,.500,2.1,2.8,.750,2.0,7.5,9.4,3.6,2.8,2.1,5.1,7.1
2021,C,23,Valentin Jurkovic,SIB,18,6.7,16.2,7.1,14.7,.486,0.4,0.8,.500,1.6,2.4,.667,1.2,5.9,7.1,2.0,1.6,0.8,2.4,9.9
2021,C,24,Bruno Solomun,SIB,22,19.5,16.1,5.9,10.0,.596,0.9,2.4,.381,3.4,3.9,.857,2.0,5.3,7.3,1.5,1.1,1.1,2.1,4.5
2021,C,25,Frane Antic,SIB,10,2.6,7.5,3.7,9.3,.400,0.0,0.0,.000,0.0,3.7,.000,3.7,3.7,7.5,0.0,0.0,1.9,1.9,7.5
2022,PG,1,Four McGlynn,ALK,19,31.5,31.1,9.8,22.8,.428,5.9,13.5,.438,5.6,6.3,.886,0.6,4.6,5.1,8.1,1.4,0.1,5.3,3.2
2022,PG,2,Devon Thomas,SIB,10,28.7,29.0,12.1,25.3,.477,2.3,5.7,.412,2.5,4.4,.577,2.2,6.4,8.5,8.4,3.7,0.0,3.8,4.9
2022,PG,3,Toni Perkovic,SPL,30,27.1,26.3,8.9,20.0,.445,4.0,11.0,.360,4.5,5.6,.811,1.5,5.0,6.5,4.9,1.7,0.4,2.5,3.4
2022,PG,4,Mate Kalajzic,VEL,34,29.5,23.0,8.3,16.9,.490,2.1,5.4,.381,4.4,6.4,.694,1.8,3.8,5.6,6.8,2.6,0.1,3.1,3.0
2022,PG,5,Goran Filipovic,CED,34,29.7,21.5,7.0,14.4,.490,2.9,6.6,.432,4.6,5.6,.822,1.2,4.2,5.4,8.8,2.2,0.0,3.2,4.1
2022,PG,6,Bruno Rebic,SIB,29,24.4,21.4,8.3,19.5,.424,3.1,8.8,.357,1.8,2.5,.703,0.5,5.5,6.0,6.4,2.7,0.2,3.5,3.3
2022,PG,7,Vito Kucic,CED,29,12.5,21.2,7.0,15.2,.461,2.8,6.4,.438,4.4,6.5,.673,0.9,2.8,3.7,8.5,2.0,0.1,5.4,2.8
2022,PG,8,Kresimir Radovcic,CIB,30,18.5,21.0,7.6,18.0,.423,2.4,8.2,.295,3.3,4.8,.691,1.3,4.7,6.0,7.4,2.0,0.1,4.4,5.5
2022,PG,9,Borna Kapusta,VEL,37,28.0,20.8,5.8,15.2,.382,3.1,8.6,.360,6.1,7.7,.784,1.6,4.8,6.4,11.5,2.4,0.0,4.2,5.1
2022,PG,10,Toni Jelenkovic,SRKL,34,35.6,20.7,6.8,14.7,.462,3.5,8.8,.395,3.7,4.7,.782,0.6,4.5,5.1,7.8,2.1,0.2,4.8,2.9
2022,PG,11,Sime Lisica,VRI,17,30.3,20.3,7.0,16.4,.426,3.1,8.5,.363,3.3,3.9,.833,1.1,4.7,5.8,4.2,1.6,0.0,4.1,4.3
2022,PG,12,Mateo Dreznjak,CIB,40,25.1,20.3,7.6,16.2,.470,3.2,7.8,.402,1.9,3.2,.597,1.4,4.3,5.8,6.3,2.4,0.2,3.8,4.7
2022,PG,13,Adnan Arslanagic,SIB,32,25.0,20.0,7.2,18.2,.393,2.9,9.4,.306,2.8,4.7,.582,1.0,4.1,5.2,7.8,2.1,0.1,4.1,4.2
2022,PG,14,Sani Campara,SPL,34,19.0,19.7,6.7,15.4,.438,4.1,10.9,.374,2.1,2.7,.784,0.8,2.9,3.7,6.8,1.7,0.1,3.1,4.8
2022,PG,15,Marko Juric,PUN,13,22.8,18.9,7.6,16.0,.475,1.8,4.5,.393,1.9,2.6,.750,1.1,6.3,7.4,5.8,2.1,1.0,4.5,3.1
2022,PG,16,Mateo Vidovic,DUB,33,32.3,18.3,6.1,14.2,.430,2.6,7.2,.363,3.4,4.9,.704,1.3,4.2,5.5,6.7,1.4,0.2,4.6,5.4
2022,PG,17,Arian Dosen,ALK,10,27.3,16.5,5.8,14.1,.413,1.9,6.5,.297,3.0,3.7,.810,0.9,2.6,3.5,5.8,2.1,0.2,4.2,3.5
2022,PG,18,Srdan Brocic,ZAB,34,20.0,16.1,5.9,13.5,.435,2.5,6.7,.368,1.8,2.6,.703,0.8,3.7,4.5,8.4,1.6,0.1,3.5,4.5
2022,PG,19,Antonio Jordano,ZAD,37,23.4,15.4,5.3,12.6,.421,3.3,9.2,.355,1.4,1.8,.788,0.3,2.7,3.0,2.0,2.3,0.1,1.1,4.5
2022,PG,20,Dino Palcic,PUN,31,34.8,15.1,4.8,11.3,.431,2.8,6.4,.431,2.6,3.5,.756,0.8,6.0,6.8,7.8,1.4,0.1,3.5,4.1
2022,PG,21,Sime Lisica,ALK,10,26.7,14.4,4.3,12.8,.338,2.2,7.7,.279,3.6,4.1,.870,0.9,5.0,5.9,6.3,2.7,0.0,3.8,4.7
2022,PG,22,David Pavin,PUN,23,14.8,13.4,4.6,12.3,.379,3.2,9.0,.359,0.8,1.3,.667,1.3,4.9,6.2,3.0,0.8,0.0,2.4,4.1
2022,PG,23,Luka Cosic,SRKL,13,4.5,13.2,4.1,6.6,.625,0.0,0.0,.000,5.0,7.4,.667,3.3,5.0,8.3,0.0,2.5,0.8,5.0,6.6
2022,PG,24,Petar Ogrizovic,CED,23,6.9,12.1,4.8,9.7,.500,0.9,1.8,.500,1.5,2.7,.556,0.3,1.5,1.8,7.6,1.8,0.3,1.5,5.2
2022,PG,25,Nejc Baric,SPL,26,21.6,12.0,4.1,11.1,.369,2.2,7.2,.310,1.6,2.6,.633,0.5,3.4,3.9,7.6,2.0,0.0,3.2,5.0
2022,PG,26,Petar Babic,BOS,2,22.0,12.0,3.3,10.9,.300,3.3,8.7,.375,2.2,2.2,1.000,0.0,3.3,3.3,9.8,3.3,0.0,2.2,4.4
2022,PG,27,Ivan Nazor,DUB,31,9.8,11.4,4.0,12.5,.316,3.2,10.6,.299,0.3,0.8,.400,1.3,5.1,6.3,2.5,2.2,0.2,2.2,5.2
2022,PG,28,Anthony Collins,DUB,14,29.8,11.1,4.1,10.7,.387,2.1,5.3,.391,0.8,0.9,.875,1.3,2.8,4.0,9.1,3.6,0.2,3.2,5.2
2022,PG,29,Filip Paponja,ZAD,24,10.6,9.6,3.4,8.5,.400,1.9,5.6,.333,0.9,1.1,.833,0.4,2.3,2.6,5.3,2.3,0.0,2.8,5.5
2022,PG,30,Ivan Martinko,ZAB,10,4.8,8.0,3.0,7.0,.429,2.0,5.0,.400,0.0,0.0,.000,0.0,3.0,3.0,4.0,2.0,0.0,1.0,4.0
2022,PG,31,Stipe Dugandzic,VRI,18,15.4,4.3,1.2,6.2,.194,0.7,3.5,.200,1.2,1.6,.778,0.3,4.0,4.3,7.4,1.2,0.0,3.3,4.7
2022,SG,1,Luka Katura,BOS,2,36.9,30.6,9.1,14.3,.636,3.9,6.5,.600,8.5,10.4,.813,0.7,9.8,10.4,3.3,1.3,0.0,4.6,2.6
2022,SG,2,Mladen Grusanovis,VRI,22,11.9,28.8,8.4,19.4,.434,4.9,11.4,.435,7.0,8.2,.844,1.1,4.0,5.1,2.6,1.5,0.0,2.9,4.2
2022,SG,3,Shannon Shorter,SPL,20,28.0,24.7,8.7,21.3,.407,2.6,8.1,.316,4.8,5.8,.824,2.5,8.8,11.3,6.9,2.8,0.3,3.1,2.7
2022,SG,4,Roko Ukic,SPL,26,23.7,23.5,8.3,18.3,.451,4.0,10.4,.381,3.0,3.9,.780,1.2,3.7,4.9,7.7,1.6,0.2,3.5,3.3
2022,SG,5,Justin Carter,ZAD,37,27.5,22.5,7.5,15.3,.489,2.8,6.2,.458,4.7,5.9,.798,1.8,7.5,9.3,5.4,2.5,0.5,3.0,3.0
2022,SG,6,Josip Barnjak,SRKL,32,34.6,22.2,7.2,16.5,.438,2.6,7.6,.349,5.1,6.6,.765,1.3,5.7,7.0,6.2,3.3,1.2,4.3,4.7
2022,SG,7,Maj Kovacevic,SPL,25,18.5,22.2,7.3,17.3,.419,6.6,15.2,.435,1.0,1.6,.667,1.1,3.2,4.4,1.8,0.7,0.3,1.7,3.9
2022,SG,8,Filip Bjelanovic,DUB,33,12.9,21.5,7.4,16.7,.446,2.9,8.8,.333,3.7,4.6,.805,2.6,5.9,8.5,3.2,2.3,0.3,2.4,8.0
2022,SG,9,Martin Junakovic,ZAD,38,23.1,20.6,7.2,16.6,.432,1.4,4.0,.338,4.9,6.9,.714,1.1,2.8,3.9,9.4,1.9,0.1,4.0,5.9
2022,SG,10,Jackson Makoi,VRI,27,26.4,20.2,8.0,17.0,.472,0.6,2.2,.273,3.6,4.9,.726,1.2,5.7,6.9,7.3,1.9,0.5,5.5,3.4
2022,SG,11,Karlo Uljarevic,VEL,37,28.4,20.1,6.5,15.8,.412,3.6,9.5,.375,3.4,4.2,.806,1.0,3.4,4.4,5.3,2.0,0.0,3.3,3.5
2022,SG,12,Ivan Majcunic,CIB,26,12.6,19.5,6.7,17.0,.397,5.0,12.2,.410,1.0,1.5,.700,0.9,5.3,6.2,5.6,1.6,0.3,1.8,4.3
2022,SG,13,Emir Sabic,CED,35,24.5,19.4,5.7,14.9,.385,4.0,11.3,.353,4.0,4.4,.923,0.4,3.3,3.7,4.0,1.3,0.1,1.7,4.1
2022,SG,14,Domagoj Basic,SIB,32,18.5,18.9,7.1,15.4,.466,4.1,10.0,.407,0.6,0.8,.700,1.0,1.9,2.8,1.8,0.6,0.0,1.3,4.2
2022,SG,15,Toni Nakic,CIB,36,23.2,17.8,5.5,13.1,.421,3.6,9.1,.390,3.2,3.7,.859,2.5,4.2,6.7,3.2,2.1,0.1,1.4,4.8
2022,SG,16,Josip Batinic,CED,31,26.5,17.6,6.7,13.0,.518,1.8,5.5,.316,2.4,3.4,.695,0.9,6.7,7.5,5.9,1.9,0.1,3.8,5.0
2022,SG,17,Vito Porobic,VRI,32,31.5,17.5,6.1,14.6,.417,1.1,3.6,.307,4.2,5.5,.774,0.9,4.4,5.2,7.9,1.2,0.1,4.8,4.2
2022,SG,18,Antonio Crnjevic,ZAB,31,29.5,17.5,6.7,13.8,.481,1.2,4.6,.261,2.9,4.1,.709,2.0,7.5,9.5,5.1,1.5,0.1,3.1,4.2
2022,SG,19,Jakov Mustapic,CIB,16,14.8,16.7,5.7,14.2,.400,1.6,4.3,.381,3.7,4.5,.818,1.4,9.3,10.8,6.1,3.9,0.4,3.7,5.1
2022,SG,20,Juraj Pleadin,SIB,25,17.5,16.5,5.7,11.9,.477,2.3,6.1,.375,2.8,3.8,.743,2.2,5.0,7.2,3.4,2.0,0.1,2.2,5.7
2022,SG,21,Jose Vildoza,CIB,31,19.9,16.3,5.3,13.9,.380,3.4,8.9,.383,2.3,3.1,.750,0.5,4.0,4.5,7.5,2.5,0.0,3.0,4.1
2022,SG,22,Duje Brala,ZAD,33,15.1,15.9,5.2,13.8,.378,1.3,5.1,.245,4.2,6.4,.667,3.1,4.4,7.5,3.3,1.9,0.1,2.4,4.5
2022,SG,23,Lovro Gnjidic,CIB,39,20.0,14.9,4.8,10.8,.446,2.8,6.5,.425,2.5,3.5,.702,1.2,4.6,5.8,8.1,2.7,0.3,5.1,5.2
2022,SG,24,Spencer Collins,ALK,11,20.6,13.8,4.5,15.7,.284,1.3,5.1,.250,3.6,4.5,.810,2.8,3.6,6.4,1.9,0.4,0.2,4.0,5.7
2022,SG,25,Emil Savic,VEL,15,20.1,13.7,4.5,10.7,.418,3.5,8.0,.440,1.3,1.6,.800,1.0,3.5,4.5,2.4,1.4,0.2,0.8,3.8
2022,SG,26,Roko Gizdavcic,ALK,31,23.9,12.7,4.0,13.9,.285,2.2,8.8,.250,2.6,3.4,.755,0.9,4.3,5.2,3.7,1.4,0.2,2.9,2.9
2022,SG,27,Luka Spehar,VRI,13,8.2,11.7,4.5,12.6,.357,2.3,7.7,.294,0.5,0.9,.500,2.3,3.2,5.4,3.2,1.4,0.9,4.5,4.5
2022,SG,28,Karlo Lukacic,ALK,20,15.4,11.7,3.4,8.9,.386,1.4,3.4,.409,3.4,3.7,.917,1.6,8.2,9.8,8.2,1.4,0.0,4.7,5.1
2022,SG,29,Chris Hortman,SRKL,13,18.3,11.5,4.6,14.5,.319,1.6,6.4,.250,0.6,0.8,.750,5.0,6.0,11.1,2.0,3.0,0.0,2.4,3.2
2022,SG,30,Luka Tomas,VEL,14,17.8,10.8,4.0,10.8,.375,1.3,4.4,.304,1.3,2.1,.636,1.2,4.8,6.0,2.7,0.8,0.4,2.5,5.6
2022,SG,31,Matej Kostic,SRKL,18,4.9,7.0,2.7,8.1,.333,0.5,3.8,.143,1.1,2.7,.400,1.6,2.7,4.3,0.5,0.5,0.0,2.7,3.8
2022,SG,32,Andro Antonic,ZAB,16,8.1,6.7,2.2,5.9,.375,0.7,2.6,.286,1.5,2.6,.571,1.9,3.3,5.2,2.6,0.7,0.0,2.6,8.2
2022,SF,1,Luka Babic,BOS,2,34.7,30.4,12.4,18.7,.667,2.8,6.2,.444,2.8,2.8,1.000,4.1,5.5,9.7,5.5,4.8,0.0,3.5,4.1
2022,SF,2,Emilio Banic,PUN,10,32.1,25.5,8.4,18.4,.455,5.5,13.2,.420,3.1,3.4,.913,1.3,5.1,6.4,1.9,0.6,0.0,1.9,4.3
2022,SF,3,Dominic Gilbert,ALK,19,32.2,25.4,9.7,20.6,.469,1.1,3.6,.304,4.9,7.4,.670,4.7,8.6,13.3,4.5,1.7,0.6,4.1,3.5
2022,SF,4,Pavle Marcinkovic,PUN,3,35.1,25.0,9.6,21.4,.447,3.2,10.9,.292,2.7,5.0,.545,3.2,10.5,13.7,5.5,2.3,1.4,1.8,5.0
2022,SF,5,Ivan Vucic,PUN,17,34.5,23.4,8.6,17.6,.488,3.5,8.3,.422,2.7,4.6,.589,2.0,6.8,8.8,2.3,1.7,0.6,4.4,4.7
2022,SF,6,Ivan Novacic,CIB,17,12.2,22.5,8.3,16.7,.500,3.0,8.1,.371,2.8,3.5,.800,0.0,4.4,4.4,2.1,0.7,0.0,2.1,5.8
2022,SF,7,Domagoj Vukovic,ZAD,24,17.7,22.4,10.0,17.7,.564,1.5,5.3,.277,1.0,1.5,.692,4.1,9.7,13.8,5.0,2.7,1.8,3.7,6.0
2022,SF,8,Lovro Mandainic,DUB,34,30.0,21.2,8.1,19.2,.423,2.8,9.1,.311,2.2,2.5,.852,1.7,4.8,6.5,5.1,1.8,0.7,3.7,3.4
2022,SF,9,Frano Miloloza,VEL,14,2.6,21.0,7.9,15.8,.500,5.3,11.8,.444,0.0,0.0,.000,1.3,1.3,2.6,2.6,0.0,0.0,0.0,5.3
2022,SF,10,Robert Kujundzic,SIB,12,23.5,20.6,7.8,12.9,.605,0.2,2.2,.077,4.8,6.8,.700,2.7,7.7,10.4,3.1,0.9,0.5,3.6,5.8
2022,SF,11,Lovre Runjic,SPL,37,19.0,19.8,7.8,14.8,.530,2.2,5.7,.381,1.9,3.1,.622,2.5,6.2,8.7,3.1,2.6,1.1,2.0,4.7
2022,SF,12,Mladen Tomasevic,ALK,28,12.7,19.6,8.1,15.3,.531,1.1,4.9,.222,2.3,3.8,.607,5.7,3.9,9.6,1.6,1.1,0.3,2.6,7.3
2022,SF,13,Veljko Budimir,ZAB,32,26.3,19.5,7.7,16.0,.482,2.3,7.3,.320,1.8,2.3,.775,1.5,4.2,5.7,4.0,1.7,0.3,3.3,4.4
2022,SF,14,Amar Gegic,CIB,38,21.9,19.3,7.3,17.7,.410,1.8,7.0,.256,2.9,4.7,.622,2.7,4.8,7.5,7.0,1.7,0.2,4.0,5.5
2022,SF,15,Mihael Kos,DUB,11,6.3,19.3,6.9,17.9,.385,0.7,4.8,.143,4.8,8.9,.538,3.4,6.9,10.3,1.4,3.4,0.7,2.1,6.2
2022,SF,16,Romain Louiserre,ALK,14,25.6,18.2,6.6,13.5,.485,2.4,4.8,.500,2.7,2.9,.909,2.0,5.2,7.2,2.1,0.8,0.3,2.3,3.3
2022,SF,17,Igor Maric,DUB,10,34.9,18.1,6.0,13.9,.436,4.4,10.6,.416,1.6,2.2,.750,1.9,6.5,8.4,3.6,2.1,0.4,2.5,2.5
2022,SF,18,Dominik Mavra,ZAD,38,28.4,17.6,5.5,12.0,.457,3.1,7.6,.404,3.6,4.7,.764,0.6,3.8,4.4,9.1,1.1,0.0,2.9,4.1
2022,SF,19,Ivan Vucic,CED,12,18.3,17.0,5.9,14.0,.422,2.4,6.5,.367,2.8,5.0,.565,2.4,5.9,8.3,2.4,1.1,0.4,3.5,8.3
2022,SF,20,Dominik Zelanto,PUN,20,12.8,16.3,6.9,16.3,.425,0.9,5.1,.185,1.5,2.6,.571,2.6,4.5,7.1,1.5,0.9,1.3,3.9,5.4
2022,SF,21,Pavle Marcinkovic,ZAD,29,23.1,16.2,6.2,12.9,.483,2.3,6.7,.340,1.5,2.1,.724,1.5,4.5,6.0,3.6,1.9,0.4,1.7,3.6
2022,SF,22,Ivan Batur,VEL,21,20.5,16.2,6.2,11.6,.538,1.8,3.7,.485,1.9,2.5,.773,1.6,4.2,5.8,3.6,1.1,0.3,2.6,5.4
2022,SF,23,Marin Vrucinic,ZAB,31,21.8,15.4,5.2,12.9,.407,2.2,4.7,.470,2.7,2.7,1.000,0.9,3.0,3.9,5.7,1.3,0.1,3.5,4.5
2022,SF,24,Fran Jacovic,ZAB,17,19.6,15.0,5.3,10.8,.493,2.0,4.7,.424,2.3,2.7,.842,1.9,3.6,5.5,2.9,0.9,0.1,3.9,6.2
2022,SF,25,Ante Masic,VEL,37,22.7,14.1,4.4,11.3,.391,2.0,6.4,.313,3.3,4.0,.814,1.7,4.4,6.1,2.7,0.8,0.2,1.4,5.0
2022,SF,26,Marko Bosnjak,VRI,29,27.0,14.0,5.2,11.2,.464,1.3,4.2,.309,2.3,3.6,.644,2.2,5.3,7.5,1.6,1.5,0.5,1.8,6.3
2022,SF,27,Mario Rajcic,SRKL,28,25.1,14.0,5.1,12.2,.413,2.3,7.2,.321,1.6,1.9,.821,1.3,2.9,4.2,2.0,0.8,0.8,1.8,6.6
2022,SF,28,Ivan Gulin,SIB,26,19.8,13.0,5.2,13.4,.392,1.3,5.9,.222,1.2,1.8,.684,1.4,4.2,5.6,2.3,1.1,0.2,2.5,3.1
2022,SF,29,Renato Serdarusic,CED,17,13.7,12.8,4.7,11.6,.411,0.6,4.1,.150,2.7,3.5,.765,1.4,6.0,7.4,4.1,1.7,0.8,2.9,5.0
2022,SF,30,Borna Jurela,ALK,11,5.8,12.7,6.0,15.7,.381,0.7,2.2,.333,0.0,2.2,.000,0.7,6.7,7.5,5.2,0.0,0.0,3.7,3.7
2022,SF,31,Ivan Majic,VEL,35,15.4,11.9,4.4,11.0,.395,2.2,7.4,.301,1.0,1.2,.786,1.4,3.4,4.8,1.1,2.0,0.3,1.4,7.1
2022,SF,32,Igor Stojanovic,SRKL,25,10.0,11.9,5.0,12.1,.413,0.8,4.2,.182,1.1,3.6,.316,2.1,2.7,4.8,0.8,1.0,0.6,3.1,7.5
2022,SF,33,Luka Vucic,SRKL,27,17.2,10.3,4.1,10.6,.388,1.4,5.1,.286,0.6,0.7,.857,2.3,4.4,6.7,2.0,1.0,0.7,1.5,5.8
2022,SF,34,Mirko Jukic,ALK,12,4.1,6.9,2.0,14.8,.133,1.0,3.9,.250,2.0,3.9,.500,1.0,0.0,1.0,1.0,3.0,0.0,3.0,10.8
2022,PF,1,Kuany Ngor Kuany,VRI,28,23.9,26.3,9.3,17.0,.544,3.3,7.0,.469,4.5,5.3,.838,2.3,6.8,9.1,3.1,1.8,0.2,3.0,4.5
2022,PF,2,Jure Planinic,CED,31,15.0,25.4,9.2,16.7,.549,0.4,1.9,.222,6.6,10.3,.640,5.7,8.0,13.7,3.0,1.2,0.3,4.5,7.9
2022,PF,3,Filip Bundovic,CED,28,17.2,24.8,8.9,15.5,.577,2.2,5.6,.393,4.7,7.0,.671,2.5,7.9,10.3,6.4,1.9,0.9,4.8,7.9
2022,PF,4,Luksa Buljevic,ZAB,28,22.6,23.7,8.7,19.8,.441,3.1,8.3,.376,3.2,3.6,.894,2.5,5.2,7.7,2.8,1.1,0.4,3.0,3.3
2022,PF,5,Dino Cinac,VEL,36,21.3,23.7,9.0,18.2,.497,1.7,5.9,.287,4.0,5.3,.762,3.9,8.8,12.8,2.0,2.1,0.7,3.3,7.4
2022,PF,6,Dario Dreznjak,ZAD,41,22.2,23.2,7.5,14.7,.511,3.6,8.2,.436,4.6,5.8,.791,2.5,5.7,8.1,1.7,1.2,1.3,2.2,6.3
2022,PF,7,Roko Prkacin,CIB,34,24.5,23.0,8.5,17.1,.498,1.0,3.9,.265,4.9,8.2,.606,4.3,8.7,13.1,3.9,1.8,0.9,4.0,4.0
2022,PF,8,Jure Gunjina,ZAB,17,30.6,22.7,7.9,17.6,.450,3.8,8.9,.427,3.0,3.6,.846,1.7,7.5,9.1,3.9,1.9,0.4,2.1,3.6
2022,PF,9,Nate Reuvers,CIB,38,19.4,20.9,8.1,14.2,.569,1.3,3.5,.377,3.5,4.4,.791,3.3,7.6,10.9,1.6,1.0,3.6,2.5,6.1
2022,PF,10,Tomislav Mihael Buljan,ZAD,32,10.6,19.8,7.8,13.1,.591,0.8,2.0,.429,3.4,6.8,.500,4.8,6.8,11.6,4.2,2.4,1.1,2.3,7.5
2022,PF,11,Rok Radovic,CED,32,27.8,19.5,7.8,14.6,.531,1.1,4.5,.241,2.9,4.3,.671,2.4,5.4,7.8,3.3,1.6,0.5,2.6,4.7
2022,PF,12,Stefan Sajin,SRKL,32,18.7,18.4,7.7,16.0,.482,0.3,2.2,.148,2.6,4.4,.600,3.8,8.3,12.1,2.2,2.0,0.9,2.8,5.6
2022,PF,13,Petar Maric,PUN,34,34.0,18.2,6.0,13.2,.453,2.2,5.6,.382,4.1,4.9,.832,0.9,4.9,5.8,5.4,1.5,0.2,3.1,3.1
2022,PF,14,Mateo Kedzo,SPL,24,10.4,17.7,7.1,14.0,.507,0.0,1.2,.000,3.5,3.8,.900,2.9,5.0,7.9,5.2,1.0,0.2,2.3,4.8
2022,PF,15,Kenan Karahodzic,DUB,33,29.1,17.6,6.5,15.1,.429,2.7,7.8,.344,1.9,2.4,.776,1.8,6.8,8.7,3.2,1.1,1.6,3.7,5.4
2022,PF,16,Shawn Jones,SPL,19,15.8,17.6,7.7,16.9,.453,0.0,0.6,.000,2.2,3.5,.636,5.0,8.0,12.9,2.9,1.6,1.6,4.6,6.6
2022,PF,17,Ivan Vrgoc,SRKL,34,28.6,17.5,6.0,13.0,.460,2.5,7.0,.362,3.0,3.7,.800,2.4,5.2,7.6,3.6,1.6,1.1,2.8,6.2
2022,PF,18,Bruno Levanic-Kutin,ZAB,34,19.9,17.2,6.1,12.4,.491,1.3,4.4,.306,3.7,4.1,.897,2.1,5.1,7.2,4.5,1.8,0.2,2.8,4.8
2022,PF,19,Marko Prskalo,PUN,32,23.4,17.1,5.6,16.3,.346,2.7,8.8,.304,3.1,4.3,.731,1.3,6.3,7.6,2.0,1.1,0.3,3.6,7.3
2022,PF,20,Aleksandar Bursac,ZAD,34,19.9,16.9,6.7,13.3,.505,0.7,2.6,.270,2.8,4.1,.672,2.8,5.9,8.6,3.1,1.4,0.4,3.2,4.7
2022,PF,21,Ivan Milicevic,CED,32,17.2,16.9,5.5,15.5,.354,3.8,11.2,.341,2.1,2.5,.828,0.5,7.6,8.1,3.3,1.4,1.2,3.0,6.3
2022,PF,22,Dom Samac,DUB,20,20.3,16.3,6.3,13.3,.473,2.5,6.9,.362,1.3,3.4,.379,2.1,5.7,7.8,1.4,0.9,0.0,1.7,3.8
2022,PF,23,Patrik Jambrovic,SIB,32,31.5,16.0,6.1,13.6,.453,0.6,3.1,.200,3.1,3.9,.780,2.7,8.8,11.5,4.0,1.2,0.6,3.0,3.9
2022,PF,24,Tonko Vuko,SPL,29,20.7,15.4,5.6,12.0,.467,1.4,4.1,.353,2.7,3.7,.739,2.8,6.7,9.5,2.6,1.1,0.3,2.3,6.4
2022,PF,25,Karlo Zganec,SPL,37,21.1,15.1,5.0,10.8,.466,1.0,3.5,.298,4.0,5.5,.722,3.9,8.1,12.0,4.2,2.1,1.1,2.2,6.2
2022,PF,26,Duje Radja,DUB,32,20.7,15.1,6.3,13.5,.468,1.1,4.4,.246,1.4,2.3,.594,2.9,7.4,10.3,2.0,1.5,0.7,2.6,4.5
2022,PF,27,Gabriel Maric,PUN,14,27.0,14.2,5.1,14.7,.345,2.2,7.5,.288,1.9,2.8,.682,0.8,2.8,3.6,2.3,1.0,0.4,2.2,3.9
2022,PF,28,Matej Tokic,VRI,23,10.5,13.9,6.0,11.5,.517,0.6,1.8,.333,1.4,2.2,.636,3.0,6.4,9.4,1.6,1.0,1.2,2.2,6.0
2022,PF,29,Stipe Krstanovic,ALK,26,25.7,12.9,4.8,12.1,.399,0.9,4.3,.217,2.4,3.9,.611,3.7,7.0,10.8,3.4,3.7,0.9,2.4,5.3
2022,PF,30,Ante Krapic,BOS,2,22.7,11.6,4.2,18.0,.235,3.2,11.6,.273,0.0,0.0,.000,1.1,5.3,6.4,2.1,0.0,0.0,4.2,3.2
2022,PF,31,Duje Putnik,ALK,19,11.6,8.9,2.6,9.2,.286,0.7,3.7,.176,3.1,5.2,.583,3.3,2.6,5.9,1.7,1.1,0.9,3.5,6.5
2022,PF,32,Tadej Tomljenovic,VRI,28,16.7,8.9,3.6,8.4,.427,0.7,3.0,.241,1.0,1.9,.526,0.6,3.0,3.6,4.6,1.2,0.1,1.6,4.7
2022,C,1,Taylor Adway,SRKL,10,27.4,28.6,11.2,18.4,.610,1.1,2.8,.375,5.1,6.8,.744,3.3,4.6,7.9,1.4,1.4,0.9,4.2,5.4
2022,C,2,Djordje Topolovic,VRI,31,27.3,27.3,9.6,20.0,.479,1.6,3.9,.412,6.5,8.8,.742,3.0,9.0,12.0,2.7,1.0,0.8,3.6,5.8
2022,C,3,Trevor Thompson,ZAD,31,20.0,26.0,10.2,19.2,.530,1.0,2.4,.419,4.6,6.6,.706,3.1,11.4,14.5,2.0,1.1,2.8,5.1,6.6
2022,C,4,Danko Brankovic,CIB,41,18.4,25.5,10.4,14.8,.704,0.9,1.3,.700,3.7,4.5,.831,3.9,9.5,13.4,1.8,1.6,4.1,2.7,5.5
2022,C,5,Marko Bakovic,VEL,35,23.8,25.0,9.7,17.6,.551,1.4,4.2,.329,4.2,5.9,.716,3.5,6.4,9.9,2.6,1.3,2.0,2.4,5.9
2022,C,6,Antonio Vrankovic,CIB,14,13.2,24.4,8.8,13.2,.667,0.3,0.3,1.000,6.5,9.1,.714,5.2,7.8,13.0,2.6,0.0,1.8,4.1,6.5
2022,C,7,Josip Popic,CIB,12,8.8,23.5,10.9,17.2,.632,0.0,0.5,.000,1.8,4.5,.400,5.4,6.8,12.2,1.4,1.8,0.5,7.2,7.2
2022,C,8,Hrvoje Vucic,ALK,32,23.3,23.0,9.1,16.1,.566,2.2,6.5,.347,2.5,3.2,.780,2.2,5.9,8.2,3.5,0.8,0.3,2.5,4.8
2022,C,9,Lovro Buljevic,ZAB,10,24.4,22.8,7.5,17.7,.422,1.2,6.3,.188,6.7,8.8,.756,3.7,8.8,12.6,3.1,1.6,0.6,4.1,5.5
2022,C,10,Pavao Paic,SIB,29,25.2,22.2,8.7,16.7,.520,1.4,5.3,.272,3.4,4.9,.693,3.6,7.3,10.9,3.5,1.8,1.1,4.4,5.4
2022,C,11,Ante Smolic,BOS,2,30.7,21.1,6.3,14.8,.421,2.3,3.9,.600,6.3,7.0,.889,3.9,14.1,18.0,4.7,0.8,0.0,0.0,6.3
2022,C,12,Filip Krajina,DUB,32,23.9,21.1,8.6,14.9,.576,0.0,0.4,.000,3.9,7.1,.549,4.4,8.1,12.5,2.8,1.0,0.8,4.1,5.6
2022,C,13,Zvonimir Cutuk,ZAB,30,14.3,19.5,7.7,15.2,.511,1.0,2.8,.360,3.0,4.6,.659,3.7,5.5,9.2,0.9,1.2,1.8,2.8,9.1
2022,C,14,Darko Bajo,SPL,24,19.9,19.2,7.6,12.2,.628,0.0,0.7,.000,3.9,6.4,.609,3.3,6.3,9.7,2.8,1.2,1.1,3.1,5.1
2022,C,15,Daniel Zovko,SRKL,23,22.4,18.7,7.7,17.1,.451,1.3,4.9,.264,2.0,3.8,.512,4.0,6.9,10.9,2.5,1.2,0.7,3.3,5.7
2022,C,16,Josip Popic,ZAB,10,21.7,18.6,6.9,10.4,.660,0.0,0.0,.000,4.9,7.1,.688,3.8,8.2,12.0,0.2,0.4,0.0,3.8,3.1
2022,C,17,Matej Bosnjak,CED,34,15.3,18.2,7.8,15.5,.506,0.2,0.5,.400,2.4,4.7,.510,4.0,7.2,11.1,3.1,0.5,1.1,3.6,6.1
2022,C,18,Viktor Saric,ALK,30,20.8,18.1,7.6,14.7,.518,0.4,1.0,.385,2.5,4.5,.542,4.4,5.6,9.9,1.8,1.4,0.8,2.8,5.4
2022,C,19,Marino Sarlija,PUN,29,23.7,17.5,7.2,13.7,.526,0.1,0.6,.125,3.0,5.2,.581,2.5,5.4,8.0,2.6,2.1,1.3,3.8,5.5
2022,C,20,Josip Jukic,SPL,21,14.7,14.2,6.1,10.5,.582,0.0,0.6,.000,2.0,3.6,.565,4.7,4.8,9.5,3.3,1.6,0.5,3.0,9.5
2022,C,21,Matej Perkovic,VRI,10,26.6,13.9,5.8,12.8,.451,0.9,2.9,.313,1.4,2.9,.500,2.0,7.4,9.4,1.6,2.9,1.6,3.1,7.0
2022,C,22,Toni Cutuk,PUN,10,19.8,13.6,5.6,11.1,.500,0.0,0.2,.000,2.4,4.1,.588,2.4,6.1,8.5,0.2,0.2,0.2,3.1,7.3
2022,C,23,Stipe Sokol,VEL,23,3.5,13.6,4.7,9.4,.500,0.0,0.0,.000,4.1,5.3,.778,3.5,2.9,6.5,0.0,0.6,0.6,5.3,10.0
2022,C,24,Bruno Solomun,SIB,31,20.8,13.0,5.4,10.4,.525,0.6,2.8,.216,1.5,2.5,.606,4.5,6.0,10.5,2.2,1.0,0.2,2.2,4.1
2022,C,25,Frane Antic,SIB,16,9.3,7.7,3.2,8.0,.400,0.0,0.3,.000,1.3,3.5,.364,4.2,6.4,10.6,1.3,0.0,1.9,3.2,8.0
2023,PG,1,Taveion Hollingsworth,DUB,20,29.1,31.6,10.9,21.0,.520,2.2,5.4,.415,7.6,8.8,.860,2.6,8.4,11.0,5.7,3.5,0.5,3.5,3.4
2023,PG,2,Derryck Thornton,SRKL,14,31.7,31.3,9.4,23.2,.407,1.8,6.4,.288,10.6,12.2,.867,1.3,4.7,6.0,10.8,2.3,0.1,5.1,3.0
2023,PG,3,R.J. Glasper,ZAB,12,33.3,29.1,10.3,21.4,.483,3.6,9.6,.375,4.8,5.3,.909,1.1,3.1,4.2,8.2,2.4,0.1,2.8,1.9
2023,PG,4,Antonio Jordano,ZAD,16,22.0,25.7,9.0,19.4,.465,4.8,11.9,.402,2.9,3.1,.913,0.8,2.0,2.9,3.6,1.5,0.0,3.0,4.0
2023,PG,5,Lovre Basic,ALK,20,33.9,22.5,7.4,17.6,.419,3.8,11.8,.323,3.9,4.9,.797,0.9,3.9,4.8,12.7,2.2,0.3,5.2,3.9
2023,PG,6,George Brock,ALK,12,33.5,22.0,7.6,20.9,.366,4.3,12.3,.350,2.4,3.0,.800,0.6,5.3,5.8,9.3,1.9,0.1,5.7,3.1
2023,PG,7,Antonio Klepo,RIB,2,27.4,21.9,7.9,15.8,.500,4.4,7.9,.556,1.8,1.8,1.000,5.3,1.8,7.0,3.5,1.8,0.0,1.8,6.1
2023,PG,8,Marko Juric,BOS,28,27.5,21.8,8.3,15.7,.528,2.0,5.4,.368,3.2,3.7,.864,2.1,6.7,8.7,6.1,1.4,0.8,4.8,4.3
2023,PG,9,Luka Bozic,ZAD,35,28.7,21.3,7.4,14.5,.510,1.3,3.9,.333,5.2,6.4,.812,2.0,9.6,11.5,10.0,1.6,0.4,4.9,2.7
2023,PG,10,Jakov Mustapic,CEJR,30,23.3,21.2,8.0,18.2,.438,1.9,6.7,.278,3.4,4.7,.725,1.4,5.6,6.9,7.3,2.7,0.5,4.0,4.0
2023,PG,11,Mate Kalajzic,SPL,37,24.8,20.9,7.3,15.3,.481,1.7,5.2,.330,4.5,6.7,.669,1.6,3.4,5.0,5.6,2.6,0.2,2.9,3.8
2023,PG,12,Sani Campara,ZAD,32,20.4,20.8,7.0,17.1,.408,4.4,11.7,.375,2.5,3.2,.791,1.0,2.9,4.0,6.6,1.5,0.0,2.5,3.3
2023,PG,13,Jarvis Garrett,ZAB,19,33.8,20.6,7.2,18.5,.389,2.2,7.1,.316,4.0,4.7,.841,0.8,4.5,5.3,6.4,2.0,0.1,2.8,2.8
2023,PG,14,Srdan Brocic,SIB,34,22.3,20.3,7.3,18.5,.396,2.5,8.8,.288,3.1,4.2,.731,0.8,3.9,4.7,8.5,2.2,0.1,4.4,3.5
2023,PG,15,Griffin Ramme,SRKL,31,30.9,19.7,7.7,17.7,.433,2.1,5.6,.378,2.3,2.6,.882,0.8,7.3,8.1,9.2,2.8,0.4,4.1,4.3
2023,PG,16,Borna Kapusta,CIB,36,27.0,19.6,5.3,14.1,.378,2.9,8.3,.351,6.1,8.0,.759,0.8,4.7,5.5,12.0,1.6,0.0,5.4,5.2
2023,PG,17,Toni Jelenkovic,VEL,28,20.3,19.4,7.3,16.9,.430,2.6,8.4,.313,2.3,2.9,.794,0.4,3.5,3.9,6.6,1.9,0.3,4.6,4.5
2023,PG,18,Karlo Uljarevic,VEL,32,32.8,18.9,5.5,14.2,.387,2.8,8.0,.354,5.1,5.8,.867,1.1,4.7,5.8,7.4,2.1,0.1,4.2,4.1
2023,PG,19,Juraj Pleadin,SIB,30,25.1,18.8,6.5,16.7,.389,3.2,10.2,.311,2.7,3.6,.750,1.9,6.5,8.4,3.8,2.0,0.1,2.5,4.5
2023,PG,20,Kresimir Radovcic,CIB,36,22.3,18.5,6.9,15.7,.441,2.4,7.5,.325,2.2,3.8,.578,0.6,5.0,5.6,8.9,2.4,0.1,3.5,5.5
2023,PG,21,Adem Mekic,ZAD,18,18.8,17.6,6.8,16.2,.421,2.8,9.8,.290,1.1,2.1,.533,1.7,4.7,6.4,5.7,2.1,0.4,2.7,7.8
2023,PG,22,Andrej Matic,BOS,31,25.6,16.9,6.5,13.8,.469,1.5,4.8,.316,2.4,3.8,.645,1.6,4.1,5.7,4.1,3.2,1.6,3.1,4.1
2023,PG,23,Antonio Klarin,SIB,31,19.1,16.9,6.3,15.7,.402,2.6,6.7,.386,1.6,2.2,.741,1.8,2.5,4.3,5.6,2.2,0.1,5.2,4.7
2023,PG,24,Ivan Majic,VEL,28,20.6,16.2,5.4,11.5,.471,3.4,7.4,.461,2.0,2.5,.800,1.7,3.9,5.6,2.6,1.2,0.5,1.5,7.1
2023,PG,25,Roko Gizdavcic,SPL,31,15.7,15.8,5.7,13.6,.420,3.6,9.9,.360,0.8,1.1,.727,0.9,3.7,4.6,4.3,2.6,0.1,1.6,5.7
2023,PG,26,Josip Batinic,CEJR,30,20.0,15.7,6.0,12.6,.478,1.8,5.9,.315,1.8,2.8,.657,0.6,4.9,5.5,7.6,1.7,0.1,3.0,4.0
2023,PG,27,Vigo Bart,SRKL,25,11.9,15.5,5.8,12.9,.450,3.1,7.3,.422,0.8,0.8,1.000,1.0,2.4,3.4,1.8,1.1,0.0,2.1,7.1
2023,PG,28,Noa Svoboda,SRKL,23,13.1,15.5,5.3,12.6,.418,1.0,3.7,.261,4.0,4.5,.893,1.1,3.4,4.5,6.1,2.1,0.0,3.5,5.8
2023,PG,29,Dario Kuzmanovic,DUB,22,18.1,15.4,5.7,12.9,.439,3.1,7.7,.406,1.0,2.0,.471,1.4,3.4,4.8,4.3,3.5,0.5,2.8,5.5
2023,PG,30,Karlo Lukacic,ZAB,19,15.1,15.4,6.2,18.9,.327,1.2,5.0,.233,1.8,2.2,.846,3.0,5.5,8.5,4.5,0.8,0.2,3.0,4.3
2023,PG,31,Blaz Vojedilov,ALK,20,3.2,14.4,2.3,8.3,.273,0.0,0.0,.000,9.8,12.9,.765,0.8,3.8,4.5,8.3,0.8,0.0,12.1,10.6
2023,PG,32,Filip Radulovic,BOS,21,7.8,14.4,4.7,18.2,.258,3.2,11.4,.282,1.8,2.3,.750,2.3,2.3,4.7,4.4,2.9,0.0,2.9,7.6
2023,PG,33,Petar Saric,SIB,13,9.7,14.1,5.3,11.8,.452,1.9,3.4,.556,1.5,1.9,.800,2.7,4.9,7.6,3.8,0.8,0.0,4.2,3.4
2023,PG,34,Filip Paponja,DUB,34,25.1,13.1,4.4,11.3,.390,2.5,6.9,.361,1.8,2.6,.681,1.1,4.9,6.0,7.4,2.5,0.0,4.6,4.7
2023,PG,35,Martin Klepo,DIN,26,14.4,12.4,5.0,13.8,.361,1.3,6.0,.213,1.2,1.8,.643,0.9,5.6,6.5,6.3,1.0,0.0,4.6,5.0
2023,PG,36,Dario Kuzmanovic,BOS,10,14.6,10.2,4.3,14.8,.289,1.0,6.6,.150,0.7,2.6,.250,1.3,1.6,3.0,4.9,2.6,0.0,1.0,8.5
2023,PG,37,Ivan Martinko,ZAB,18,10.2,9.9,3.9,8.9,.441,1.3,5.2,.250,0.8,1.0,.750,1.0,1.6,2.6,1.8,1.6,0.3,1.0,6.3
2023,PG,38,Stipe Dugandzic,DIN,34,15.6,8.9,3.1,9.7,.318,1.6,6.1,.265,1.2,1.9,.619,1.2,3.0,4.2,6.0,1.2,0.1,3.5,5.1
2023,PG,39,Ivan Nazor,DUB,12,3.6,5.5,1.1,11.0,.100,0.0,8.8,.000,3.3,3.3,1.000,0.0,7.7,7.7,5.5,1.1,0.0,6.6,3.3
2023,SG,1,Luka Krajnovic,BOS,34,30.3,27.9,9.7,18.4,.527,1.6,4.6,.354,6.9,9.5,.722,1.5,5.5,7.0,4.1,1.6,0.2,3.2,3.8
2023,SG,2,Shannon Shorter,SPL,37,29.7,26.1,9.3,19.3,.484,3.1,7.2,.439,4.2,5.0,.851,1.8,8.4,10.2,5.0,2.5,0.4,2.4,3.4
2023,SG,3,Sven Smajlagic,CIB,30,20.1,25.9,9.0,20.2,.447,4.8,12.1,.395,3.1,3.9,.796,1.8,6.9,8.7,2.9,1.8,0.6,1.6,5.1
2023,SG,4,Filip Bjelanovic,DUB,32,15.5,24.6,8.3,17.9,.465,2.8,8.4,.333,5.2,6.4,.818,2.5,5.7,8.2,2.6,2.5,0.9,2.2,7.4
2023,SG,5,Vito Kucic,CEJR,35,20.6,23.4,7.8,18.0,.433,2.6,7.0,.371,5.3,6.5,.806,0.7,3.6,4.3,8.0,1.5,0.0,4.3,3.7
2023,SG,6,Milan Luzajic,VEL,10,31.9,23.3,7.5,15.7,.481,4.1,8.0,.509,4.2,5.4,.778,0.5,3.2,3.6,5.6,0.6,0.0,4.8,4.5
2023,SG,7,Ante Delas,RIB,2,28.7,22.6,6.7,14.2,.471,2.5,7.5,.333,6.7,8.4,.800,0.8,1.7,2.5,7.5,0.8,0.0,3.3,2.5
2023,SG,8,Dominik Mavra,SPL,34,24.9,21.9,6.8,16.3,.415,2.6,7.9,.329,5.8,7.2,.803,0.5,4.1,4.5,10.6,1.5,0.0,3.9,4.8
2023,SG,9,Martin Jelic,SRKL,32,28.3,20.1,7.8,16.3,.477,3.0,8.0,.377,1.5,1.9,.806,1.3,4.9,6.2,2.8,1.6,0.3,2.8,5.0
2023,SG,10,Luka Katura,BOS,20,25.6,19.8,7.1,15.8,.452,3.5,9.5,.366,2.1,2.3,.880,0.7,5.3,5.9,2.3,1.2,0.0,1.3,3.8
2023,SG,11,Emir Sabic,CEJR,35,19.6,19.8,6.5,14.4,.454,5.2,11.5,.451,1.5,1.8,.880,0.7,3.2,3.9,3.5,1.0,0.0,2.0,3.9
2023,SG,12,Ivan Majcunic,CIB,36,24.5,18.2,5.8,13.0,.448,3.9,9.0,.436,2.6,3.2,.814,0.9,5.2,6.1,3.5,1.5,0.2,1.9,3.5
2023,SG,13,Maksim Matulina,ZAD,18,3.1,18.0,5.1,13.7,.375,0.0,5.1,.000,7.7,9.4,.818,3.4,2.6,6.0,6.9,0.0,0.0,5.1,5.1
2023,SG,14,Vito Porobic,VEL,30,15.6,17.9,6.4,15.2,.423,1.9,4.7,.413,3.1,4.3,.714,1.8,3.8,5.6,5.3,1.6,0.1,2.4,7.4
2023,SG,15,Petar Babic,BOS,31,20.6,17.5,5.8,13.3,.435,3.1,8.5,.363,2.9,3.8,.745,0.5,4.6,5.1,6.3,3.3,0.1,3.2,7.2
2023,SG,16,Arijan Lakic,ZAD,38,26.8,16.9,5.8,12.9,.451,2.2,6.5,.341,3.0,4.9,.610,1.5,5.6,7.0,6.0,2.6,0.4,2.3,4.2
2023,SG,17,Luka Skoric,SIB,34,23.8,16.2,6.4,15.5,.412,2.1,7.0,.297,1.3,1.6,.815,1.0,5.8,6.8,2.4,1.7,0.8,3.1,6.0
2023,SG,18,Aleksandar Aranitovic,CIB,30,25.8,16.1,6.0,13.3,.453,2.0,6.5,.314,2.0,2.6,.762,1.1,6.1,7.2,4.6,3.5,0.4,1.9,5.0
2023,SG,19,Luka Tomas,ZAB,28,30.1,15.9,5.6,14.1,.397,1.0,4.4,.231,3.8,4.7,.795,2.0,5.5,7.6,5.1,1.8,0.6,3.1,3.5
2023,SG,20,Mateo Vidovic,DUB,31,27.5,15.9,5.1,14.4,.354,1.9,8.1,.236,3.7,4.9,.750,1.0,3.5,4.4,6.6,1.1,0.3,4.2,5.3
2023,SG,21,Roko Ukic,SPL,23,19.8,15.8,5.8,15.5,.374,2.8,9.4,.303,1.4,2.1,.650,1.8,4.3,6.1,8.0,1.5,0.1,2.0,3.8
2023,SG,22,Tai Bibbs,ALK,10,29.2,15.8,6.1,13.7,.446,1.8,5.4,.333,1.8,3.0,.611,1.5,3.1,4.6,2.6,1.6,1.0,2.5,5.8
2023,SG,23,Sime Lisica,ALK,23,30.0,15.5,4.9,15.1,.329,2.4,8.7,.280,3.2,4.2,.767,2.0,5.4,7.4,5.4,2.1,0.1,3.2,4.2
2023,SG,24,Luka Cvitanovic,DIN,26,13.1,13.9,5.1,12.6,.400,2.0,6.5,.304,1.8,3.8,.481,1.7,2.7,4.4,4.4,1.8,0.1,2.7,6.9
2023,SG,25,Emil Savic,DUB,34,20.5,13.7,3.7,12.4,.302,2.8,9.2,.301,3.5,4.6,.761,0.3,3.9,4.3,2.5,1.3,0.3,2.1,4.1
2023,SG,26,Frano Miloloza,VEL,13,5.1,12.2,5.0,10.0,.500,1.4,3.6,.400,0.7,1.4,.500,0.7,2.2,2.9,1.4,1.4,0.0,5.7,5.0
2023,SG,27,Andro Anzulovic,DIN,34,22.2,12.0,3.9,8.8,.449,2.9,7.3,.391,1.2,1.5,.792,0.7,3.8,4.5,5.0,2.4,0.0,1.5,5.3
2023,SG,28,Ivo Zukanovic,ALK,20,7.6,11.8,4.4,9.8,.452,0.3,3.8,.083,2.5,4.1,.615,5.1,6.7,11.8,2.2,1.6,1.0,3.2,8.3
2023,SG,29,Vito Smojer,SRKL,16,10.0,10.5,4.2,11.1,.378,2.1,6.3,.333,0.0,0.0,.000,1.2,2.1,3.3,4.2,1.8,0.9,1.5,6.3
2023,SG,30,Andro Antonic,ZAB,26,14.0,9.5,3.4,9.1,.377,1.3,4.7,.278,1.3,1.8,.714,1.8,2.6,4.5,2.8,2.5,0.4,1.5,9.2
2023,SG,31,Frane Butorac,SRKL,15,4.8,7.3,2.6,9.9,.267,1.3,4.6,.286,0.7,1.3,.500,4.6,2.0,6.6,2.0,2.6,0.7,2.0,7.9
2023,SF,1,Tim Bond,ZAB,15,24.5,26.9,10.2,23.2,.438,2.2,7.0,.315,4.3,5.1,.846,2.2,7.3,9.5,7.3,3.1,2.2,5.3,4.2
2023,SF,2,Hrvoje Garfolic,DIN,29,27.1,25.9,9.4,17.7,.531,2.4,5.8,.421,4.6,5.7,.809,2.4,6.3,8.7,6.7,2.9,0.3,5.0,5.6
2023,SF,3,Domagoj Vukovic,CIB,24,12.8,25.4,10.6,16.3,.654,0.9,2.8,.333,3.1,3.3,.952,5.0,6.9,11.9,3.6,1.6,0.6,3.6,6.4
2023,SF,4,Krsevan Klarica,ZAD,28,9.5,23.1,8.3,17.1,.484,4.0,10.1,.393,2.5,3.1,.824,2.7,7.0,9.7,3.1,0.9,0.0,1.8,6.3
2023,SF,5,Jake Lawrence,SIB,20,23.1,21.3,7.9,19.7,.402,5.0,13.8,.361,0.5,0.9,.556,0.8,3.3,4.2,2.5,1.1,0.1,2.1,4.4
2023,SF,6,Lukas Bobek,SIB,13,3.7,21.2,7.1,15.2,.467,5.1,8.1,.625,2.0,2.0,1.000,1.0,1.0,2.0,1.0,3.0,1.0,4.0,6.1
2023,SF,7,Luksa Buljevic,ZAB,23,32.5,21.2,7.3,17.8,.410,3.7,9.8,.373,3.0,3.8,.780,0.8,5.3,6.1,2.9,1.7,0.1,3.6,3.1
2023,SF,8,Lovre Runjic,SPL,38,22.8,20.6,7.7,15.4,.498,1.7,4.9,.352,3.6,5.4,.663,1.3,4.8,6.0,3.6,2.5,0.7,3.1,4.5
2023,SF,9,Boris Tisma,SPL,26,18.0,20.4,7.2,17.6,.407,3.6,9.5,.376,2.5,4.3,.571,2.9,6.5,9.3,2.9,2.5,1.1,2.5,5.7
2023,SF,10,Ivan Perasovic,CIB,29,18.6,20.3,7.7,13.4,.576,2.8,6.5,.425,2.1,3.1,.686,1.5,4.4,5.9,2.7,1.1,1.2,0.9,4.5
2023,SF,11,Ivan Vucic,DIN,35,27.6,20.3,7.1,14.1,.500,1.9,4.9,.398,4.2,6.9,.612,2.6,7.2,9.7,4.8,1.6,0.7,4.6,6.1
2023,SF,12,Antonio Sikiric,ZAD,34,8.0,19.3,6.9,13.3,.520,1.8,5.5,.323,3.7,4.4,.840,3.4,5.3,8.7,3.9,1.1,0.7,3.2,6.9
2023,SF,13,Jure Gunjina,VEL,20,24.7,19.1,6.4,16.1,.400,3.0,9.5,.316,3.2,4.0,.805,1.2,9.8,11.0,4.9,1.2,0.0,3.2,3.6
2023,SF,14,Leon Santelj,ZAD,35,15.7,18.6,6.3,13.0,.483,1.8,5.9,.309,4.2,5.7,.727,2.3,5.2,7.5,2.7,1.9,0.3,2.6,6.7
2023,SF,15,Marin Vrucinic,DIN,30,21.4,18.2,6.6,15.3,.434,2.9,6.4,.459,2.0,2.3,.871,0.3,3.8,4.1,5.8,1.0,0.1,3.0,4.7
2023,SF,16,Ante Krapic,BOS,28,20.0,17.4,5.6,15.1,.369,2.9,9.9,.296,3.3,4.5,.736,1.6,6.6,8.2,3.3,1.3,0.3,2.9,4.1
2023,SF,17,Gabriel Maric,ALK,15,20.0,17.0,5.8,12.3,.468,2.9,6.9,.419,2.6,3.2,.800,1.3,3.5,4.8,1.6,1.4,0.3,2.6,4.5
2023,SF,18,Renato Serdarusic,CEJR,35,21.5,16.9,6.0,12.7,.470,1.4,4.5,.310,3.5,4.5,.775,2.5,8.0,10.5,3.1,1.5,1.3,2.8,4.1
2023,SF,19,Mario Rajcic,SRKL,27,30.5,16.7,5.9,12.7,.463,2.9,7.4,.386,2.0,3.1,.660,1.6,4.6,6.1,3.6,0.9,0.4,2.5,5.6
2023,SF,20,Antonio Crnjevic,ZAB,31,25.1,16.6,6.0,12.7,.473,0.9,3.9,.222,3.8,5.4,.701,2.8,6.4,9.2,3.6,1.6,0.1,3.2,5.3
2023,SF,21,Mihael Kos,DUB,21,21.6,16.6,6.8,15.2,.444,1.5,4.1,.359,1.6,2.1,.750,3.7,4.4,8.1,3.5,1.8,0.0,4.0,5.8
2023,SF,22,Sandro Rasic,CEJR,33,17.4,16.6,5.7,13.7,.415,3.8,10.5,.365,1.4,1.7,.850,1.2,4.1,5.3,3.7,1.2,0.3,1.8,4.0
2023,SF,23,Ivan Kucan,ZAB,11,28.9,16.3,6.0,16.5,.367,2.4,9.7,.250,1.8,2.3,.800,0.8,5.7,6.5,2.6,1.5,0.0,1.5,3.9
2023,SF,24,Pavle Marcinkovic,CEJR,29,26.1,16.2,5.8,13.1,.444,2.5,7.5,.339,2.0,3.1,.633,1.3,4.8,6.0,3.1,2.9,0.3,1.9,3.2
2023,SF,25,Vice Zanki,CEJR,15,4.4,15.4,5.8,20.5,.286,2.9,13.2,.222,0.7,1.5,.500,0.7,3.7,4.4,1.5,2.9,1.5,2.2,2.9
2023,SF,26,Ivan Svalina,ALK,30,25.3,15.3,5.7,12.8,.450,3.5,8.9,.397,0.3,0.3,1.000,0.9,6.0,6.9,7.1,1.5,0.3,2.8,4.0
2023,SF,27,Ante Masic,VEL,30,22.9,14.6,4.9,12.9,.380,1.7,5.9,.286,3.1,3.9,.804,2.0,5.3,7.3,3.8,1.7,0.3,2.7,5.5
2023,SF,28,Romelo Burrell,DIN,12,19.7,14.4,4.9,10.6,.462,0.4,1.4,.286,4.3,6.7,.636,3.7,7.3,11.0,2.4,2.4,1.0,2.4,6.3
2023,SF,29,Roko Galic,RIB,2,24.8,13.5,4.8,15.5,.313,3.9,10.6,.364,0.0,0.0,.000,1.0,6.8,7.7,2.9,1.0,1.0,1.9,2.9
2023,SF,30,Robert Kujundzic,SRKL,28,16.3,12.7,5.0,10.2,.495,0.1,2.2,.048,2.5,4.2,.600,2.5,5.8,8.3,2.9,2.2,0.2,1.8,4.2
2023,SF,31,Mirko Jukic,ALK,32,17.9,12.6,4.8,12.2,.390,0.9,4.1,.224,2.1,3.1,.676,1.3,3.7,4.9,2.2,2.0,0.1,1.5,6.9
2023,SF,32,Ivan Gulin,SIB,11,21.3,11.9,4.5,11.7,.386,0.8,4.9,.167,2.1,3.1,.667,1.6,4.9,6.6,3.9,1.0,0.2,2.5,3.1
2023,SF,33,Josip Vidovic,RIB,2,22.0,9.8,2.2,8.7,.250,1.1,6.5,.167,4.4,5.4,.800,1.1,5.4,6.5,7.6,3.3,0.0,5.4,6.5
2023,PF,1,Mateo Kedzo,RIB,2,18.1,41.1,15.9,27.8,.571,0.0,2.7,.000,9.3,9.3,1.000,4.0,2.7,6.6,9.3,1.3,1.3,1.3,8.0
2023,PF,2,Lewis Sullivan,SPL,33,18.6,30.5,12.8,21.9,.584,0.9,2.4,.355,4.0,5.2,.761,5.9,10.2,16.2,2.5,3.0,1.0,3.7,5.9
2023,PF,3,Krunoslav Simon,CEJR,24,25.6,27.1,8.7,17.4,.502,4.2,9.5,.443,5.4,5.8,.932,1.1,8.4,9.5,8.4,2.1,0.5,5.2,3.0
2023,PF,4,Ivan Novacic,DIN,34,28.4,26.9,9.9,22.1,.448,2.7,7.7,.355,4.3,4.8,.897,1.5,5.1,6.6,3.4,1.9,0.1,3.2,4.4
2023,PF,5,Dario Dreznjak,ZAD,37,24.5,26.4,8.7,18.9,.459,3.1,8.4,.367,5.9,8.2,.727,1.9,7.7,9.6,3.4,1.3,1.5,3.3,4.8
2023,PF,6,Matej Bosnjak,DUB,34,28.4,26.2,11.1,19.0,.586,0.9,2.5,.380,3.0,5.7,.530,2.6,8.4,11.0,3.4,0.8,0.6,3.4,3.4
2023,PF,7,Lovro Mazalin,CIB,32,24.7,25.6,10.1,16.7,.606,0.9,2.9,.292,4.5,6.9,.655,3.5,8.3,11.8,5.5,1.8,0.2,3.3,5.4
2023,PF,8,Christian Peevy,ALK,17,22.8,25.3,9.0,16.7,.541,0.1,0.6,.200,7.1,8.6,.826,3.5,7.4,10.9,1.7,2.2,0.2,2.7,4.2
2023,PF,9,Ante Perkusic,RIB,2,35.2,23.8,10.2,21.1,.484,2.7,8.2,.333,0.7,2.7,.250,0.7,15.0,15.7,1.4,2.0,0.0,4.1,5.5
2023,PF,10,Filip Bundovic,CIB,17,12.0,23.3,8.5,16.2,.522,1.6,4.2,.389,4.7,5.6,.833,3.5,6.3,9.9,4.5,1.9,1.6,2.1,7.5
2023,PF,11,Tyrell Nelson,SPL,38,23.6,23.0,9.4,16.5,.571,0.6,2.1,.308,3.5,4.6,.756,5.0,6.1,11.1,3.2,1.9,0.6,3.6,5.3
2023,PF,12,Marko Ramljak,ZAD,35,26.7,22.0,7.4,16.8,.443,1.7,6.2,.275,5.4,8.0,.677,3.1,7.0,10.2,4.9,1.4,0.6,2.6,2.8
2023,PF,13,Patrik Jambrovic,SIB,34,30.0,19.8,7.6,16.7,.452,1.4,4.8,.294,3.3,4.8,.686,2.8,6.9,9.7,5.0,1.3,0.6,2.8,2.0
2023,PF,14,"Juan Davis, Jr.",ZAD,40,21.3,19.6,7.2,17.0,.424,2.5,9.1,.272,2.7,3.2,.842,3.6,6.1,9.7,2.0,1.4,1.1,2.3,5.4
2023,PF,15,Ivan Batur,VEL,30,30.4,18.5,7.3,15.4,.473,1.3,3.9,.338,2.6,3.3,.806,3.2,5.3,8.5,3.9,1.4,0.2,3.8,3.5
2023,PF,16,Ante Covic,BOS,14,7.7,18.2,7.1,13.7,.516,0.4,2.7,.167,3.5,4.0,.889,0.4,7.5,8.0,3.1,2.2,0.9,4.4,4.9
2023,PF,17,Luka Babic,BOS,32,24.5,18.1,7.0,15.8,.444,1.0,4.8,.218,3.1,4.4,.708,1.9,6.1,8.0,4.3,2.1,0.7,3.8,5.1
2023,PF,18,Sandro Antunovic,SRKL,32,22.2,18.1,6.7,11.7,.578,3.0,6.5,.464,1.6,1.9,.821,2.2,6.1,8.3,2.0,0.9,0.9,3.2,6.1
2023,PF,19,Marko Malekinusic,DIN,13,6.7,17.7,6.6,13.8,.480,2.8,8.3,.333,1.7,1.7,1.000,2.2,8.3,10.5,3.3,2.2,0.6,0.6,7.2
2023,PF,20,Filip Kalajzic,DUB,34,14.4,17.4,6.2,13.0,.474,1.4,4.3,.318,3.7,5.5,.679,4.3,5.8,10.1,1.2,0.8,1.6,2.7,5.1
2023,PF,21,Marko Bakovic,CIB,22,21.5,16.4,6.3,11.0,.574,1.9,3.8,.514,1.8,2.9,.621,3.2,6.0,9.1,2.8,2.3,1.7,2.3,4.4
2023,PF,22,Mladen Tomasevic,ALK,25,23.4,16.2,6.9,13.8,.500,0.5,1.9,.261,1.9,2.7,.697,3.6,3.4,7.1,2.5,0.8,0.6,2.1,5.9
2023,PF,23,Damir Markota,DIN,17,20.4,15.1,5.3,15.1,.349,3.5,10.5,.329,1.1,1.9,.571,2.5,9.5,12.0,3.7,0.6,0.6,2.2,3.3
2023,PF,24,Ivan Vrgoc,CEJR,36,18.8,14.4,5.1,12.9,.396,2.1,8.1,.263,2.0,3.1,.636,1.7,6.3,8.0,3.1,2.1,1.8,3.3,7.6
2023,PF,25,Tonko Vuko,SPL,17,20.4,13.7,4.7,11.6,.405,1.2,5.0,.250,3.0,4.3,.710,2.4,6.5,8.9,2.2,1.9,0.4,1.2,6.4
2023,PF,26,Marko Prskalo,ZAB,8,15.1,13.1,5.2,13.9,.371,0.8,6.8,.118,2.0,2.8,.714,2.8,7.5,10.3,0.8,0.8,0.8,3.2,7.9
2023,PF,27,Fran Jacovic,ZAB,12,16.0,12.8,4.3,12.0,.354,2.8,8.0,.344,1.5,2.3,.667,2.0,7.0,9.0,3.0,1.8,0.3,3.0,5.8
2023,PF,28,Duje Putnik,ALK,20,12.1,11.7,4.2,8.7,.477,0.6,2.4,.250,2.8,4.2,.667,3.4,4.6,7.9,1.4,1.2,0.2,2.4,8.1
2023,PF,29,Ante Perkusic,SPL,14,8.7,10.7,3.9,10.7,.370,1.6,5.9,.267,1.2,1.6,.750,2.0,8.3,10.3,3.6,1.2,0.4,3.2,7.5
2023,PF,30,Leon Sljivaric,BOS,26,13.3,9.9,4.0,10.0,.403,0.7,1.9,.357,1.1,1.9,.571,2.9,3.3,6.3,1.8,0.8,0.6,3.3,6.1
2023,PF,31,Mihael Tomic,ZAB,21,7.2,7.0,2.6,8.9,.286,0.3,2.6,.125,1.6,2.6,.625,2.9,4.8,7.7,3.5,0.6,0.3,1.9,5.7
2023,PF,32,Myles Howard,SIB,32,24.8,6.8,3.0,8.9,.331,0.0,0.1,.000,0.8,1.4,.583,3.7,7.7,11.4,1.5,1.6,3.4,1.9,4.5
2023,C,1,Dino Cinac,VEL,21,25.2,31.8,11.0,19.9,.553,1.8,5.7,.317,8.0,10.3,.779,4.2,9.4,13.6,1.7,2.0,1.1,3.9,6.8
2023,C,2,Imran Polutak,ALK,30,25.0,31.5,11.2,21.3,.526,1.0,2.8,.364,8.0,11.3,.706,4.0,8.1,12.1,3.6,1.2,1.5,5.3,7.4
2023,C,3,Marko Perovic,ZAB,30,28.9,27.7,10.8,19.7,.548,1.4,3.5,.397,4.8,5.5,.860,4.5,7.6,12.1,2.3,1.2,0.3,2.4,4.5
2023,C,4,Kresimir Ljubicic,CIB,31,20.2,26.4,10.4,15.6,.670,0.1,0.2,.500,5.4,7.7,.710,3.2,7.2,10.4,3.5,0.9,1.3,3.3,5.7
2023,C,5,Tomislav Cvitkovic,DIN,25,18.8,24.7,10.7,20.5,.522,0.6,3.9,.158,2.7,4.9,.542,3.5,6.5,10.0,2.1,2.0,1.2,3.0,7.8
2023,C,6,Djordje Topolovic,CEJR,21,19.4,24.7,9.6,18.1,.529,0.1,0.2,.500,5.4,7.2,.754,4.4,8.1,12.5,2.6,0.9,1.2,3.9,8.4
2023,C,7,Pavao Paic,SIB,27,24.4,24.6,9.2,19.5,.472,1.5,6.1,.253,4.7,7.3,.650,4.5,7.9,12.4,4.7,2.6,1.0,4.1,4.4
2023,C,8,Luka Barisic,SRKL,26,25.4,24.5,8.6,18.5,.465,2.2,6.3,.349,5.2,6.2,.835,2.6,6.7,9.3,1.9,1.5,0.3,3.9,6.0
2023,C,9,Sasa Ciani,CEJR,27,22.1,24.1,10.9,16.5,.659,0.0,0.0,.000,2.4,5.3,.455,5.1,9.8,14.9,2.8,2.3,2.0,3.5,5.2
2023,C,10,David Usic,DIN,27,14.3,22.9,10.3,15.8,.654,0.2,1.0,.250,2.0,4.7,.421,2.4,7.0,9.3,2.1,1.4,1.1,2.5,6.6
2023,C,11,Hrvoje Vucic,ALK,32,14.7,21.2,7.9,17.2,.458,1.7,5.5,.315,3.7,4.4,.837,2.8,5.5,8.3,2.9,1.0,0.4,2.4,4.4
2023,C,12,Viktor Saric,SPL,15,6.7,20.9,8.1,18.6,.436,1.0,2.9,.333,3.8,5.7,.667,5.2,7.1,12.4,0.5,1.0,0.5,4.8,9.0
2023,C,13,Matej Perkovic,SIB,12,17.5,18.5,8.2,14.4,.571,0.5,1.1,.400,1.6,2.3,.700,5.5,8.9,14.4,1.6,0.9,0.7,3.7,8.2
2023,C,14,Karlo Zganec,ZAD,36,21.7,18.4,6.2,12.5,.493,1.8,4.4,.408,4.2,5.2,.821,4.7,8.1,12.7,5.9,2.5,1.4,3.0,5.4
2023,C,15,Mladen Primorac,BOS,34,20.8,17.3,6.4,17.9,.361,1.9,7.1,.267,2.5,4.7,.536,2.2,6.4,8.7,8.6,1.3,0.4,5.6,7.0
2023,C,16,Mislav Majic,DIN,16,6.8,16.7,7.5,14.1,.531,1.3,2.6,.500,0.4,0.9,.500,3.5,5.3,8.8,1.3,1.3,0.9,3.1,6.6
2023,C,17,Ivan Nakic-Vojnovic,VEL,32,18.1,16.6,6.2,13.3,.466,0.6,2.9,.200,3.6,5.3,.672,3.2,8.1,11.3,2.1,1.7,1.7,3.6,7.3
2023,C,18,Marino Dubravcic,SPL,12,6.3,15.8,6.3,14.5,.435,0.0,1.3,.000,3.2,8.2,.385,6.9,6.9,13.9,1.9,1.3,1.3,1.9,10.1
2023,C,19,Emeka Obukwelu,SRKL,12,19.9,15.7,5.6,12.9,.438,1.2,4.0,.300,3.2,4.2,.762,1.6,8.4,10.1,1.6,0.0,0.4,2.4,5.8
2023,C,20,Ivan Juric,DUB,16,6.0,15.6,6.0,14.6,.414,0.5,1.5,.333,3.0,5.5,.545,5.5,7.0,12.6,1.5,1.5,0.5,6.5,7.5
2023,C,21,Mario Kresic,RIB,2,20.6,14.0,4.7,14.0,.333,2.3,4.7,.500,2.3,2.3,1.000,1.2,5.8,7.0,1.2,1.2,2.3,2.3,10.5
2023,C,22,Kenan Karahodzic,DUB,34,23.7,12.7,4.3,12.1,.353,1.5,5.9,.263,2.6,3.9,.677,1.3,6.4,7.7,3.0,1.2,2.1,3.2,6.5
2023,C,23,Josip Jukic,SPL,33,14.3,11.8,4.9,11.2,.436,0.0,1.4,.000,2.0,3.0,.667,6.7,7.6,14.3,3.5,1.5,0.3,1.6,7.7
2023,C,24,Jakov Stipanicev,ZAB,33,16.2,11.6,3.6,10.9,.331,1.3,5.7,.234,3.1,4.1,.739,2.8,6.9,9.7,1.9,1.3,1.9,2.7,7.5
2023,C,25,Stipe Sokol,VEL,15,7.6,11.0,3.8,9.7,.391,0.0,0.4,.000,3.4,5.1,.667,3.0,3.8,6.8,1.3,0.0,0.4,1.3,11.8
2023,C,26,Petar Markota,RIB,2,17.7,10.8,5.4,13.5,.400,0.0,0.0,.000,0.0,2.7,.000,4.1,10.8,14.9,0.0,0.0,4.1,2.7,6.8
2023,C,27,Frane Antic,SIB,27,9.4,10.7,5.3,8.9,.596,0.0,0.0,.000,0.2,0.8,.250,4.3,5.3,9.6,0.9,0.4,1.1,2.6,7.7
2024,PG,1,Toni Jelenkovic,BOS,14,27.4,24.4,8.3,19.4,.426,5.1,12.3,.418,2.8,3.5,.786,0.6,3.5,4.1,7.4,2.1,0.5,6.5,3.6
2024,PG,2,Makale Foreman,SIB,24,25.9,24.3,8.1,22.1,.367,5.6,14.5,.383,2.6,2.6,.971,0.7,3.6,4.3,4.7,1.5,0.0,2.9,2.2
2024,PG,3,Nick Neal,ZAB,21,30.1,24.3,9.3,18.8,.492,2.0,4.9,.400,3.9,4.3,.895,0.5,3.9,4.4,9.6,2.2,0.0,4.7,3.0
2024,PG,4,Kevaughn Allen,CEJR,29,28.6,23.9,8.8,16.7,.522,3.4,6.9,.496,3.0,3.7,.797,0.7,3.7,4.4,5.4,2.6,0.5,2.4,2.7
2024,PG,5,Petar Vujacic,ZAD,28,17.2,23.5,8.4,19.0,.442,4.2,12.0,.350,2.5,3.0,.833,1.2,3.4,4.6,4.3,1.8,0.1,3.5,5.9
2024,PG,6,Tre Anderson,ALK,19,28.0,23.0,8.4,20.3,.413,1.9,7.7,.247,4.3,7.5,.578,1.4,6.7,8.0,9.4,2.1,0.2,4.7,4.2
2024,PG,7,Vito Kucic,CEJR,12,25.0,22.7,7.5,15.0,.500,2.2,5.9,.378,5.4,6.9,.791,0.6,3.5,4.2,10.2,2.6,0.2,2.7,3.5
2024,PG,8,Toni Perkovic,SPL,27,26.2,22.5,7.7,17.9,.430,3.8,10.3,.371,3.3,4.9,.681,1.2,4.7,5.8,7.7,1.3,0.3,4.1,2.4
2024,PG,9,Antonio Klarin,SIB,25,27.1,21.5,7.4,15.9,.467,3.8,8.8,.435,2.8,3.2,.889,0.5,2.8,3.3,5.7,2.3,0.4,3.0,4.8
2024,PG,10,Karlo Uljarevic,SRKL,20,32.7,21.2,6.1,13.8,.441,2.9,7.8,.377,6.1,7.3,.838,1.0,4.5,5.5,7.8,2.4,0.0,4.3,4.2
2024,PG,11,Noa Svoboda,SRKL,30,23.3,20.3,7.3,14.4,.505,3.0,6.7,.449,2.7,3.6,.769,1.0,4.2,5.1,6.7,2.9,0.1,3.8,4.7
2024,PG,12,Vigo Bart,SRKL,29,24.3,20.1,7.0,17.3,.406,3.9,10.8,.365,2.1,3.1,.689,1.3,1.6,2.9,2.2,1.2,0.0,2.0,5.6
2024,PG,13,Niko Rimac,DUB,12,3.7,19.6,7.6,15.3,.500,0.0,1.1,.000,4.4,6.5,.667,2.2,4.4,6.5,6.5,0.0,0.0,1.1,8.7
2024,PG,14,Mateo Vidovic,DUB,25,26.0,19.6,6.3,14.2,.443,2.2,7.2,.309,4.9,5.4,.904,1.2,3.5,4.6,6.3,1.5,0.3,3.0,6.3
2024,PG,15,Ivan Majic,DIN,29,20.5,19.0,6.5,14.0,.468,4.3,10.2,.417,1.6,1.9,.870,1.6,3.0,4.6,1.9,2.0,0.2,1.5,6.3
2024,PG,16,Bruno Rebic,ZAB,23,24.6,18.6,7.3,14.8,.494,2.2,6.0,.366,1.8,2.8,.636,0.5,5.4,5.9,7.6,2.1,0.3,3.0,3.6
2024,PG,17,Josip Batinic,CEJR,25,24.1,18.3,7.3,13.9,.523,1.2,4.5,.268,2.6,3.3,.805,1.1,7.0,8.1,6.8,1.8,0.2,3.3,3.3
2024,PG,18,Ivan Majcunic,CIB,30,36.7,17.9,6.0,14.2,.420,3.2,7.8,.410,2.8,3.6,.771,1.3,4.7,6.0,4.8,1.4,0.1,3.0,2.6
2024,PG,19,Luka Bozic,ZAD,16,27.6,17.8,5.4,12.4,.439,2.2,6.9,.313,4.8,5.9,.815,1.7,7.7,9.4,8.8,1.3,0.4,5.2,3.4
2024,PG,20,Karlo Miksic,DIN,28,26.8,16.7,6.3,14.9,.422,2.2,6.7,.324,2.0,3.0,.660,1.1,3.8,4.9,10.1,2.6,0.1,4.4,5.5
2024,PG,21,Marat Kos,BOS,30,23.5,16.1,5.6,13.5,.419,1.6,4.5,.364,3.2,4.0,.797,1.2,3.8,5.0,3.4,1.6,0.5,5.3,5.2
2024,PG,22,Vladan Lazic,DUB,10,14.7,15.7,5.2,19.2,.271,2.6,12.7,.205,2.6,3.9,.667,1.6,5.2,6.9,3.6,2.6,0.0,5.2,5.9
2024,PG,23,Mate Kalajzic,SPL,23,23.2,15.6,5.9,14.6,.407,1.2,5.0,.232,2.5,3.7,.683,1.6,4.1,5.8,8.5,3.0,0.3,2.6,3.1
2024,PG,24,Andrej Matic,DUB,30,23.1,14.9,5.8,12.6,.462,1.9,5.7,.337,1.4,2.6,.526,1.9,6.0,7.8,3.5,2.4,1.4,3.5,3.3
2024,PG,25,Roko Gizdavcic,DUB,16,20.8,14.7,5.6,13.1,.429,3.3,9.4,.354,0.1,0.3,.500,1.0,2.7,3.8,4.3,2.0,0.1,2.2,3.8
2024,PG,26,Javon Levi,DUB,28,33.2,14.3,5.6,12.6,.441,1.3,4.2,.305,1.9,3.6,.536,2.6,5.9,8.5,7.0,4.2,0.1,1.7,3.8
2024,PG,27,Dragan Dzajic,DUB,17,10.0,13.3,5.7,13.3,.426,1.4,5.1,.278,0.6,0.6,1.000,2.0,4.5,6.5,3.4,1.1,0.9,4.5,4.8
2024,PG,28,Petar Ogrizovic,CEJR,26,13.5,12.7,4.6,10.7,.436,0.8,3.7,.222,2.6,4.4,.594,1.2,4.6,5.9,7.4,2.9,0.0,1.2,5.1
2024,PG,29,Ivan Nazor,ALK,22,12.6,12.3,4.2,10.8,.387,3.1,8.3,.375,0.9,1.6,.556,1.2,6.1,7.3,3.8,1.6,0.0,3.8,4.7
2024,PG,30,Dario Kuzmanovic,DUB,24,17.7,12.0,4.5,13.3,.339,1.8,7.9,.229,1.1,1.9,.588,1.6,5.6,7.2,2.9,3.0,0.7,2.6,5.4
2024,PG,31,Josip Krizmanic,CIB,10,2.5,11.5,3.8,11.5,.333,0.0,0.0,.000,3.8,5.7,.667,0.0,5.7,5.7,1.9,0.0,0.0,1.9,9.6
2024,PG,32,Maksim Matulina,ALK,27,22.9,11.2,3.6,9.6,.374,1.2,4.0,.308,2.8,3.5,.800,2.2,6.2,8.4,6.1,3.0,0.2,4.0,4.9
2024,PG,33,Matija Pavlic,DIN,11,4.1,10.7,5.4,17.2,.313,0.0,1.1,.000,0.0,3.2,.000,2.1,5.4,7.5,11.8,8.6,1.1,3.2,9.7
2024,PG,34,Ivan Pavela,ALK,16,12.7,10.6,3.3,8.2,.400,2.4,6.1,.385,1.6,1.9,.875,0.5,3.1,3.5,4.7,1.2,0.5,3.1,6.4
2024,PG,35,Bruno Bubalo,BOS,25,23.2,10.4,3.4,11.3,.299,1.5,5.7,.261,2.1,3.5,.619,0.8,4.5,5.4,8.2,2.2,0.1,4.4,4.2
2024,PG,36,Petar Saric,SIB,11,7.8,10.1,4.5,7.3,.615,1.1,2.8,.400,0.0,0.0,.000,1.7,3.9,5.6,4.5,2.2,0.0,2.2,6.1
2024,PG,37,Stipe Dugandzic,DIN,22,9.4,9.7,3.7,12.1,.308,0.7,4.9,.143,1.6,2.8,.583,0.9,5.1,6.0,7.4,2.1,0.0,5.8,6.5
2024,PG,38,Luka Cosic,SRKL,13,6.5,9.7,2.9,6.9,.417,0.0,0.0,.000,4.0,7.4,.538,2.9,7.4,10.3,2.3,1.7,1.7,2.3,10.3
2024,SG,1,Filip Vujicic,DUB,26,30.0,25.7,9.1,22.1,.412,2.5,9.1,.272,5.0,6.7,.750,1.4,7.2,8.6,4.3,2.8,1.2,3.9,4.4
2024,SG,2,Shannon Shorter,SPL,23,27.6,24.5,8.8,17.9,.489,3.5,7.8,.456,3.5,3.8,.920,1.5,6.7,8.2,6.5,1.4,0.3,2.3,2.2
2024,SG,3,Tray Hollowell,SRKL,15,32.5,23.9,8.1,20.0,.404,5.5,13.5,.409,2.3,3.0,.742,0.6,4.3,4.9,6.4,2.2,0.3,4.2,4.0
2024,SG,4,Kresimir Radovcic,CIB,28,34.8,22.9,7.8,18.7,.420,2.8,9.0,.311,4.4,5.8,.763,1.5,5.3,6.8,7.9,1.7,0.1,3.7,3.5
2024,SG,5,Mislav Brzoja,DIN,28,24.9,22.8,8.0,17.3,.462,1.7,5.4,.304,5.2,6.8,.765,1.9,6.8,8.7,6.1,3.0,0.1,4.1,4.4
2024,SG,6,Mihael Kos,DUB,14,18.2,18.6,7.3,18.0,.406,0.9,6.0,.156,3.0,5.3,.571,3.4,6.4,9.8,3.6,2.3,1.1,4.3,5.6
2024,SG,7,Karlo Vragovic,DUB,23,29.1,18.3,6.3,14.4,.438,3.4,8.5,.403,2.2,2.4,.912,0.3,3.2,3.5,5.3,1.5,0.0,2.2,3.4
2024,SG,8,Arijan Lakic,ZAD,29,25.6,18.2,6.6,14.2,.466,2.5,8.2,.310,2.5,3.4,.731,1.7,5.6,7.3,6.9,2.3,0.4,2.1,3.8
2024,SG,9,Hrvoje Garfolic,DIN,23,24.8,18.2,6.8,13.9,.491,1.9,5.9,.314,2.7,4.5,.604,1.3,6.1,7.4,7.1,3.2,0.6,6.1,4.5
2024,SG,10,Adem Mekic,ZAD,28,20.4,17.6,7.0,15.4,.451,2.3,8.3,.273,1.4,2.7,.531,1.1,8.8,9.9,6.2,3.8,0.2,4.6,6.1
2024,SG,11,Juraj Pleadin,SIB,17,28.4,17.5,6.2,14.3,.431,2.1,6.8,.309,3.1,5.1,.608,1.6,6.8,8.3,4.3,2.0,0.2,2.3,5.2
2024,SG,12,Pavle Marcinkovic,ALK,15,26.2,16.4,5.9,11.8,.495,2.8,7.4,.377,1.8,2.4,.750,1.0,4.8,5.7,5.5,3.1,0.2,1.1,2.1
2024,SG,13,Luka Mrsic,CEJR,14,5.3,16.1,7.1,14.9,.478,1.9,6.5,.300,0.0,0.0,.000,1.3,6.5,7.8,3.9,0.6,0.0,3.2,3.2
2024,SG,14,Troy Green,ALK,14,26.6,16.1,5.3,15.2,.347,0.8,4.6,.167,4.8,6.4,.740,0.4,4.9,5.3,7.2,1.5,0.4,4.9,3.4
2024,SG,15,Filip Paponja,DUB,20,19.6,16.1,5.6,14.2,.397,3.2,8.5,.377,1.6,2.3,.684,1.2,4.9,6.1,8.2,2.3,0.0,5.0,4.0
2024,SG,16,Emil Savic,ZAB,30,30.1,15.9,5.1,11.2,.450,3.0,7.7,.393,2.7,3.2,.850,0.8,3.5,4.3,4.3,2.2,0.5,1.9,4.7
2024,SG,17,Roko Lukic,BOS,19,21.6,15.7,5.6,12.2,.462,1.6,4.8,.341,2.8,4.7,.600,1.1,5.0,6.1,3.7,2.1,0.1,5.4,4.2
2024,SG,18,Luka Cvitanovic,ZAB,30,16.7,15.0,5.1,13.0,.393,1.3,5.6,.241,3.5,4.4,.783,0.8,5.4,6.1,6.1,2.5,0.5,3.6,5.9
2024,SG,19,Jakov Vujicic,DUB,25,13.8,14.8,5.6,15.8,.354,2.1,8.1,.259,1.5,2.2,.688,1.0,3.8,4.7,2.9,1.4,0.1,2.9,5.3
2024,SG,20,Toma Rukavina,DIN,10,5.4,12.5,5.4,11.6,.462,1.8,3.6,.500,0.0,0.0,.000,0.0,3.6,3.6,5.4,1.8,0.0,6.3,5.4
2024,SG,21,Austin Luke,CEJR,14,27.4,12.4,4.2,12.4,.343,2.4,9.9,.241,1.5,2.1,.706,0.9,7.7,8.6,13.9,1.7,0.1,4.9,2.5
2024,SG,22,Lovre Klaric,DUB,23,13.1,10.5,3.5,11.0,.319,1.9,8.0,.240,1.6,1.9,.833,1.0,3.4,4.3,1.8,2.7,0.3,3.2,6.4
2024,SF,1,Armin Hrstic,SIB,13,21.1,26.8,8.7,21.2,.413,4.9,13.3,.368,4.4,5.1,.862,1.0,5.6,6.6,3.0,1.7,0.2,3.7,5.8
2024,SF,2,Petar Dubelj,DUB,30,30.5,25.6,8.1,18.5,.436,3.9,11.7,.332,5.5,7.1,.778,0.9,5.3,6.2,5.6,1.8,0.5,2.2,3.8
2024,SF,3,Lovro Mazalin,ZAD,30,20.4,25.5,10.2,14.5,.703,0.0,0.1,.000,5.1,7.1,.714,5.2,6.5,11.7,6.0,1.9,0.2,4.5,5.9
2024,SF,4,Ivan Novacic,DIN,29,26.2,25.4,9.4,20.2,.466,2.9,8.2,.354,3.7,4.3,.868,2.1,5.3,7.4,3.3,1.8,0.0,2.2,3.7
2024,SF,5,Krsevan Klarica,ZAD,25,18.6,24.5,8.6,16.9,.506,4.6,10.8,.429,2.7,3.4,.788,1.5,6.0,7.5,4.3,1.2,0.2,2.3,4.6
2024,SF,6,Martin Jelic,CEJR,30,20.0,23.9,8.6,17.7,.489,5.0,12.0,.420,1.6,2.0,.800,0.8,3.3,4.1,3.6,1.2,0.2,1.6,6.2
2024,SF,7,Luka Skoric,SIB,24,26.3,22.4,8.7,16.3,.533,2.7,5.6,.473,2.4,3.1,.756,1.8,7.0,8.8,3.4,1.4,0.5,3.2,4.4
2024,SF,8,Renato Serdarusic,CEJR,28,24.1,21.9,7.2,15.2,.477,2.1,5.8,.370,5.3,6.2,.841,2.6,8.0,10.5,3.1,2.0,1.6,3.2,4.4
2024,SF,9,Ivan Bogdanovic,CEJR,18,18.3,21.8,9.2,21.1,.434,2.3,7.4,.314,1.2,1.9,.615,2.6,5.5,8.1,4.7,1.5,0.9,2.8,4.2
2024,SF,10,Ivan Vucic,DIN,30,32.3,21.8,7.5,15.5,.487,2.8,6.9,.403,3.9,5.5,.718,2.5,7.8,10.3,4.8,2.4,0.2,4.2,3.6
2024,SF,11,Antonio Sikiric,ZAB,27,26.0,21.1,7.7,15.1,.507,2.8,6.8,.414,3.0,3.6,.830,1.8,6.2,7.9,3.1,1.0,0.4,1.8,4.3
2024,SF,12,Lovro Mandainic,SIB,13,24.6,20.2,7.5,20.1,.373,2.8,9.7,.292,2.4,3.0,.800,1.6,3.9,5.5,3.3,2.5,0.0,3.9,4.9
2024,SF,13,Borna Katanovic,BOS,20,30.8,19.3,7.0,14.1,.497,3.3,7.6,.433,2.0,2.6,.788,1.0,4.0,5.0,4.0,2.3,0.6,3.0,3.8
2024,SF,14,Lovre Runjic,SPL,29,17.1,19.2,6.5,14.2,.456,1.7,5.5,.316,4.5,6.0,.758,1.8,3.8,5.6,2.7,2.5,0.3,3.3,5.2
2024,SF,15,Vigor Borovcak,ZAB,10,5.9,18.7,5.7,13.8,.412,2.4,8.1,.300,4.9,7.3,.667,3.3,3.3,6.5,1.6,0.0,0.8,1.6,4.1
2024,SF,16,Boris Tisma,SPL,29,21.9,17.2,6.0,13.8,.437,2.9,7.6,.386,2.2,3.7,.592,1.8,7.3,9.1,3.7,1.7,0.5,3.1,5.3
2024,SF,17,Aleksandar Aranitovic,CIB,29,34.4,17.2,6.1,15.3,.395,2.5,7.9,.323,2.5,3.3,.765,1.2,6.8,8.0,4.8,1.6,0.1,2.4,4.6
2024,SF,18,Kellon Taylor,SRKL,11,29.5,16.3,6.1,13.3,.456,1.5,4.3,.345,2.7,5.5,.486,2.7,6.4,9.0,3.7,1.2,0.6,4.1,4.7
2024,SF,19,Stellan Rajaofera,DUB,27,21.7,16.1,6.4,14.5,.441,1.4,4.4,.315,2.0,3.2,.615,1.6,5.7,7.3,5.6,1.6,0.2,4.8,3.7
2024,SF,20,Ivan Gulin,SRKL,29,21.5,16.1,5.9,14.3,.414,1.2,4.8,.242,3.1,4.2,.741,1.9,4.3,6.2,3.5,1.5,0.7,2.5,4.8
2024,SF,21,Mirko Jukic,ALK,28,28.2,16.0,5.8,13.7,.425,2.1,6.4,.333,2.2,3.3,.685,0.6,3.9,4.5,3.6,1.0,0.0,2.6,4.8
2024,SF,22,Andro Antonic,ZAB,16,6.4,15.9,5.1,8.9,.579,3.3,5.6,.583,2.3,2.8,.833,1.4,4.7,6.1,1.9,2.3,0.5,2.8,7.5
2024,SF,23,Petar Miovic,DUB,14,5.9,15.0,6.4,17.3,.367,2.3,11.0,.211,0.0,0.0,.000,1.7,4.6,6.4,1.7,2.9,0.0,2.9,7.5
2024,SF,24,Jure Boban,ALK,28,16.3,14.5,5.6,11.6,.477,2.8,8.0,.355,0.5,0.7,.714,2.0,2.5,4.5,2.6,1.5,0.8,2.1,8.1
2024,SF,25,Filip Ferderber,CIB,19,13.3,10.8,4.0,8.2,.488,2.1,4.2,.500,0.8,1.5,.500,1.9,7.2,9.1,2.7,3.6,0.6,2.1,7.4
2024,SF,26,Dominik Skugor,SIB,16,9.1,10.5,4.6,13.1,.350,1.0,4.9,.200,0.3,1.3,.250,2.0,1.0,3.0,1.0,0.0,0.0,2.0,7.9
2024,SF,27,Mario Rajcic,SRKL,11,21.6,8.1,2.6,9.9,.265,0.6,5.5,.111,2.2,2.8,.786,0.8,4.6,5.5,2.2,3.0,0.4,2.0,7.3
2024,SF,28,Lukas Bobek,SIB,12,5.8,0.0,0.0,5.5,.000,0.0,2.7,.000,0.0,0.0,.000,0.7,4.1,4.8,3.4,0.7,0.7,1.4,7.6
2024,PF,1,Toni Rocak,DUB,24,27.7,28.5,10.6,20.7,.514,1.7,5.6,.308,5.6,8.7,.636,3.3,10.3,13.6,3.8,4.1,1.7,5.1,5.1
2024,PF,2,Dario Dreznjak,ZAD,28,22.6,27.8,9.5,20.6,.461,4.3,11.0,.393,4.6,5.8,.789,2.0,5.8,7.7,3.0,1.0,0.5,2.9,3.6
2024,PF,3,Lewis Sullivan,SPL,22,17.7,26.7,10.2,18.6,.550,0.4,2.6,.143,5.9,7.5,.787,5.1,9.0,14.0,3.8,3.4,1.1,3.9,6.8
2024,PF,4,Marko Lukic,SIB,11,27.0,25.9,8.6,18.8,.457,2.3,6.5,.350,6.5,7.8,.833,1.6,7.8,9.4,4.4,2.3,0.2,4.2,3.1
2024,PF,5,Andrija Blatancic,ALK,20,28.2,23.8,9.7,18.4,.528,0.7,3.2,.216,3.7,6.3,.581,3.0,7.6,10.6,4.6,1.6,0.7,4.5,3.8
2024,PF,6,Ivan Njegovan,BOS,17,16.9,22.9,9.2,17.1,.539,0.8,2.0,.417,3.7,4.5,.815,4.2,8.5,12.7,1.8,1.0,4.2,6.0,4.7
2024,PF,7,Ante Perkusic,SPL,21,12.8,21.2,8.7,16.6,.527,2.9,8.6,.333,0.9,1.4,.625,2.9,7.9,10.7,3.4,2.5,0.2,2.5,5.2
2024,PF,8,Marko Ljubicic,CEJR,16,8.1,21.2,8.9,15.6,.571,0.4,1.5,.250,3.0,6.0,.500,5.6,7.8,13.4,1.1,1.9,1.5,1.9,7.4
2024,PF,9,Marko Ramljak,ZAD,20,23.4,20.6,7.0,16.0,.436,2.2,6.6,.328,4.5,6.3,.710,1.7,6.7,8.4,4.9,1.5,0.1,4.0,3.2
2024,PF,10,Sandro Rasic,CEJR,26,19.6,20.4,6.8,15.4,.442,4.3,11.4,.380,2.5,3.2,.794,1.0,6.1,7.2,1.8,1.4,0.0,2.7,4.3
2024,PF,11,Ivan Perasovic,CIB,30,34.8,20.1,7.9,15.1,.520,2.5,5.8,.425,1.9,2.5,.764,3.5,5.5,9.0,3.0,1.3,0.8,1.7,3.8
2024,PF,12,Patrik Jambrovic,ZAD,27,18.4,20.0,7.9,13.3,.599,2.3,4.6,.500,1.8,2.9,.633,2.4,4.7,7.2,6.8,1.0,0.8,2.4,4.5
2024,PF,13,Luka Babic,SIB,28,28.6,20.0,7.7,16.0,.479,1.7,4.6,.364,3.0,4.1,.725,2.9,5.5,8.5,4.4,1.3,0.1,4.4,4.6
2024,PF,14,Nikola Ivankovic,BOS,28,25.4,19.2,7.1,19.9,.358,2.5,8.6,.291,2.4,4.0,.610,1.1,5.3,6.4,2.6,1.8,0.3,3.2,4.4
2024,PF,15,Ivan Nakic-Vojnovic,DIN,28,11.7,18.2,7.2,13.3,.538,0.4,3.2,.136,3.4,5.9,.575,3.2,8.2,11.4,1.9,1.2,1.9,2.6,8.8
2024,PF,16,Toni Bilic,CEJR,18,15.2,17.7,6.7,15.1,.442,1.2,6.5,.189,3.2,5.6,.563,1.4,3.9,5.3,4.9,1.8,1.2,3.9,5.3
2024,PF,17,"Juan Davis, Jr.",ZAD,17,18.8,17.6,6.5,16.1,.402,3.3,9.6,.344,1.4,1.8,.750,2.9,6.6,9.5,2.1,2.0,1.1,1.8,5.7
2024,PF,18,Luksa Buljevic,ZAB,18,17.2,17.1,5.9,17.8,.330,3.9,11.0,.352,1.4,1.7,.818,1.2,5.0,6.2,2.6,0.3,0.6,2.2,4.7
2024,PF,19,Filip Kalajzic,DUB,20,13.7,16.5,7.5,13.0,.581,0.4,1.9,.182,1.1,4.0,.261,3.7,3.9,7.5,1.8,1.4,1.6,3.2,8.2
2024,PF,20,Matej Akrap,BOS,26,24.2,16.2,6.2,12.2,.506,1.0,3.0,.325,2.9,4.0,.717,3.2,5.5,8.7,1.8,1.5,0.5,2.2,3.4
2024,PF,21,Tonko Vuko,SPL,30,22.8,15.6,5.5,11.9,.465,2.7,6.3,.433,1.8,2.4,.765,2.5,7.6,10.0,3.4,1.3,0.8,2.0,4.3
2024,PF,22,Ivan Vrgoc,DIN,30,15.6,15.0,5.6,11.3,.500,2.9,6.9,.418,0.8,1.4,.571,2.3,6.8,9.0,3.6,2.8,1.5,2.7,7.4
2024,PF,23,Tin Tikvesa,BOS,11,17.5,14.9,6.2,11.5,.543,1.5,4.2,.353,1.0,2.0,.500,3.5,8.0,11.5,2.7,1.2,0.7,4.7,5.2
2024,PF,24,Antonio Crnjevic,ZAB,28,27.7,14.3,5.8,11.4,.511,0.6,2.5,.225,2.1,3.7,.567,2.4,6.7,9.1,5.3,1.9,0.2,3.1,4.5
2024,PF,25,Vice Grbic,ZAD,19,6.2,14.0,6.6,7.0,.941,0.0,0.0,.000,0.8,2.5,.333,2.5,5.3,7.8,2.1,0.4,0.0,5.3,7.4
2024,PF,26,Gvido Gustin,DUB,30,17.4,12.8,5.2,12.3,.425,2.1,6.2,.343,0.2,0.2,1.000,1.8,5.6,7.5,2.8,1.1,0.6,1.7,6.3
2024,PF,27,Luka Petranovic,BOS,21,8.4,11.4,4.4,11.2,.390,1.4,5.2,.263,1.4,2.2,.625,1.6,1.6,3.3,5.2,1.1,0.3,4.9,5.7
2024,PF,28,Mihael Tomic,ZAB,27,9.7,11.0,4.2,9.9,.426,0.4,2.4,.154,2.2,3.3,.667,2.6,6.8,9.3,2.7,0.7,0.9,1.6,7.3
2024,PF,29,Leon Sljivaric,SRKL,29,11.8,10.8,3.9,10.1,.389,1.1,5.3,.211,1.8,2.5,.722,2.8,4.1,6.9,2.5,2.5,0.3,2.5,5.9
2024,PF,30,Zvonimir Kujundzic,CIB,12,10.8,7.0,2.6,6.6,.389,0.0,0.4,.000,1.8,4.1,.455,1.5,3.3,4.8,0.0,0.4,0.0,1.8,7.4
2024,C,1,Dino Cinac,ZAB,30,25.4,33.6,12.0,24.0,.503,2.9,8.3,.348,6.6,8.6,.766,3.6,9.5,13.1,4.2,2.8,1.5,3.9,5.9
2024,C,2,Filip Bundovic,CIB,13,25.5,31.0,10.1,17.7,.574,2.5,5.4,.459,8.3,9.6,.864,1.2,9.1,10.3,6.8,1.2,0.9,4.6,5.9
2024,C,3,D.J. Funderburk,SPL,30,20.2,27.3,9.8,17.4,.566,1.7,4.5,.368,5.9,7.5,.789,3.3,7.3,10.5,2.4,1.3,2.1,3.7,4.4
2024,C,4,Nikola Stanojevic,SRKL,25,27.7,26.6,9.2,21.0,.436,2.6,8.4,.314,5.7,7.2,.788,2.9,6.5,9.4,3.5,1.5,0.1,5.1,3.8
2024,C,5,Ivan Karacic,CEJR,29,19.8,26.4,10.8,18.0,.600,0.7,2.8,.235,4.1,5.2,.790,3.7,9.2,12.9,4.4,2.8,1.8,4.7,7.6
2024,C,6,Filip Kraljevic,DIN,26,19.2,25.7,9.1,15.0,.609,0.3,1.0,.300,7.2,9.4,.765,3.3,8.3,11.5,2.2,1.2,2.1,3.4,4.8
2024,C,7,Marino Dubravcic,SPL,10,5.2,24.8,12.0,20.2,.591,0.0,0.9,.000,0.9,3.7,.250,9.2,10.1,19.3,1.8,0.0,0.9,2.8,10.1
2024,C,8,Tomislav Cvitkovic,DUB,29,23.3,24.4,9.4,19.1,.494,0.8,3.5,.220,4.8,7.7,.620,4.8,4.2,9.0,1.8,1.4,0.7,3.3,5.3
2024,C,9,Yuat Alok,ALK,29,23.3,23.8,10.0,18.7,.532,0.4,1.7,.250,3.5,5.0,.690,4.1,9.7,13.8,1.6,1.0,1.4,5.3,5.5
2024,C,10,Domagoj Vukovic,CIB,21,28.5,22.7,8.9,15.3,.581,1.3,3.7,.348,3.6,4.7,.776,4.3,8.7,13.0,5.8,2.4,1.4,4.3,5.0
2024,C,11,Viktor Saric,SRKL,29,22.5,22.3,9.6,16.1,.594,0.1,0.1,1.000,3.0,4.2,.719,5.7,6.9,12.6,2.1,1.3,0.4,2.5,3.9
2024,C,12,Hrvoje Vucic,ALK,29,19.2,20.6,8.2,17.2,.477,2.3,6.5,.360,1.9,2.6,.733,1.9,6.1,8.0,3.0,0.9,0.1,1.6,3.5
2024,C,13,Jan Kosi,CEJR,17,18.0,20.3,9.1,14.7,.617,0.2,0.8,.200,2.0,3.1,.650,4.5,5.0,9.5,2.7,0.9,0.2,4.7,7.5
2024,C,14,Ante Krapic,BOS,23,26.0,19.7,7.1,17.7,.398,3.8,10.7,.351,1.8,2.4,.767,1.4,6.6,7.9,3.9,1.9,0.2,4.0,4.2
2024,C,15,Ivan Juric,DUB,28,14.3,19.5,6.7,11.7,.577,0.1,1.1,.111,5.9,8.4,.700,3.2,7.5,10.7,2.0,1.3,1.7,4.6,8.3
2024,C,16,Kenan Karahodzic,DUB,29,19.7,19.4,6.9,15.1,.458,3.6,9.4,.384,1.9,2.9,.657,1.9,6.8,8.8,2.5,1.3,2.0,3.8,7.0
2024,C,17,Kresimir Ljubicic,SPL,23,18.1,19.3,7.9,14.6,.543,0.1,0.2,.500,3.3,4.5,.744,4.7,6.1,10.8,7.1,1.7,2.4,4.1,5.6
2024,C,18,Karlo Zganec,ZAD,27,21.1,19.3,6.5,12.6,.513,2.5,6.1,.411,3.8,4.6,.818,4.1,7.9,12.0,5.3,2.9,1.3,2.9,4.0
2024,C,19,Ante Sustic,ZAB,21,8.4,17.2,6.6,12.3,.533,1.1,3.0,.364,3.0,4.4,.688,3.8,4.6,8.5,3.3,1.4,0.5,6.0,6.0
2024,C,20,Josip Pavkovic,CIB,19,12.5,15.6,6.5,12.3,.525,0.0,1.2,.000,2.6,4.0,.650,3.0,9.5,12.5,2.6,1.2,0.6,3.2,8.9
2024,C,21,Matej Perkovic,SIB,28,22.9,13.9,4.9,10.6,.465,0.7,2.5,.265,3.4,4.3,.776,4.6,9.0,13.6,1.1,1.3,1.6,2.9,6.3
2024,C,22,Ivan Vodopija,DUB,30,21.0,10.0,3.8,8.7,.439,0.8,2.6,.294,1.6,2.4,.677,2.9,5.5,8.4,3.4,1.1,0.3,2.0,3.1
2024,C,23,Myles Howard,SIB,22,19.6,8.2,2.7,7.6,.353,0.0,0.3,.000,2.9,3.8,.765,4.2,8.7,12.9,1.8,2.4,2.4,1.6,5.0
2024,C,24,Ante Cosic,BOS,14,3.2,6.5,3.2,7.6,.429,0.0,1.1,.000,0.0,0.0,.000,1.1,8.7,9.7,0.0,0.0,3.2,3.2,7.6
